Modul;Frage;Antwort ;Antwort ;Antwort ;Antwort ;Antwort ;Antwort ;Antwort ;Antwort ;Antwort ;Antwort ;Antwort ;Antwort ;Antwort ;Antwort ;Antwort ;Antwort ;Antwort ;Antwort ;Antwort ;Antwort ;;;;;;;;;;;;;;;;;;;;;;;;;;;;
Heart I;Beschreibe M. biceps femoris;zweiköpfiger Oberschenkelmuskel rückseitig;2 Köpfe;U: Sitzbeinhöcker;A: Wadenbeinköpfchen;Flexion/Beugung Kniegelenk (langer Kopf);Extension/Streckung Hüftgelenk (beide Köpfe);;;;;;;;;;;;;;;;;;;;;;;;;;;;;;;;;;;;;;;;;;
Heart I;Beschreibe M. latissimus dorsi;breitester Rückenmuskel;Grossflächiger, einheitlicher Muskel ohne Köpfe;U: Dornfortsätze 7. - 12. Brustwirbel, alle Lendenwirbel, Darmbeinkamm (crista iliaca), Lendenapneurose, Kreuzbein (os sacrum);A: Vorderseite Oberarmknochen (M. humerus);F: Adduktion, Retroversion, Innenrotation im Schultergelenk (SG);;;;;;;;;;;;;;;;;;;;;;;;;;;;;;;;;;;;;;;;;;;
Heart I;Beschreibe M. glutaeus maximus? ;grosser Gesässmuskel;3 Köpfe;U: Kreuzbein (os sacrum), Darmbeinschaufel (Ala ossis illii), Steissbein (Os coccygis);A: Sehnenplatte seitlicher Oberschenkel (Tractos iliotibialis), Oberschenkelknochen (Femur);F: Abduktion / Extension (Abspreizen des Beines), Aussenrotation im Hüftgelenk, Streckung im Hüftgelenk;;;;;;;;;;;;;;;;;;;;;;;;;;;;;;;;;;;;;;;;;;;
Heart I;Beschreibe M. deltoideus;Deltamuskel;3 Köpfe;U: Schlüsselbein, Schulterhöhe, Schulterblattgräte;A: Deltarauhigkeit des Oberarmknochens, oben, aussen;F: je nach Muskelanteil, heben und nach vorne führen des Armes, abspreizen des Armes, nach hinten führen des Armes;Markanter dreieckger Muskel, der das Schultergelenk formt und massgeblich zu dessen Stabilität und Beweglichkeit beiträgt.;;;;;;;;;;;;;;;;;;;;;;;;;;;;;;;;;;;;;;;;;;
Heart I;Beschreibe M. biceps brachii;zweiköpfiger Oberarmmuskel;2 Köpfe (kurzer und langer);"U: Schulterblatt; Höckerchen oberhalb der Schultergelenkspfanne am Schulterblatt (caput longum), Rabenschnabelfortsatz (processus coracoideus der  Scapula) ";A: Speichenrauhigkeit (Radius);F: Beugung im Ellbogengelenk, nach vorne Führen  Arm, Innenrotation Arm, Aussenrotation Unterarm;;;;;;;;;;;;;;;;;;;;;;;;;;;;;;;;;;;;;;;;;;;
Heart I;Beschreibe M. triceps brachii;dreiköpfiger Oberarmmuskel;3 Köpfe (zwei Köpfe am Oberarm und 1 Kopf am Schulterblatt);U: Höckerchen unterhalb Schultergelenkspfanne (Tuberculum infraglenoidale des Scapula), zweimal Hinterfläche des Humerus (oberhalb Radialrinne);A: Hackenfortsatz der Elle (Olecranon);F: Streckung im Ellbogengelenk (Extension), Retroversion des Armes (nach hinten führen);;;;;;;;;;;;;;;;;;;;;;;;;;;;;;;;;;;;;;;;;;;
Heart I;Beschreibe M. pectoralis major;;grosser Brustmuskel;U: Schlüsselbein (Clavicula), Brustbein (Sternum), 2.-7. Rippenknorpel, vorderes Blatt der Rectusscheide (Sehnenplatte im vorderen Rumpfbereich);A: Oberarmknochen (Humerus);F: Adduktion (heranziehen des Armes), Innenrotation, Anteversion im Schultergelenk (nach vorne führen des Armes);;;;;;;;;;;;;;;;;;;;;;;;;;;;;;;;;;;;;;;;;;;
Heart I;Beschreibe M. obliquus externus;Schräger äusserer Bauchmuskel;;U: 5.-12. Rippe;A: Bauchmuskelapneurose (Bauch-Sehnenplatte), Darmbein (Ilium);F: bei einseitiger Kontraktion: Rotation, Rotationskontrolle, Seitneigung;F bei beidseitiger Kontraktion: Atemhilfsmuskel (unterstützt M. rectus abdominalis bei Flexion der BWS);;;;;;;;;;;;;;;;;;;;;;;;;;;;;;;;;;;;;;;;;;
Heart I;Beschreibe M. obliquus internus abdominis;Schräger innerer Bauchmuskel;;U: Darmbeinkamm, Sehnenzug im Lendenwirbelsäulenbereich;A: 9.-12. Rippe, Sehnenzug im vorderen Rumpf;F: Beugen des Rumpfes, drehen des Rumpfes zu gleichen Seite, Seitneigung des Rumpfes;;;;;;;;;;;;;;;;;;;;;;;;;;;;;;;;;;;;;;;;;;;
Heart I;Beschreibe M. rectus abdominis;gerader Bauchmuskel;Sixpack', M wird durch 3 oder 4 Zwischensehnen unterteilt;U: 5.-7. Rippenknorpel, Schwertfortsatz des Brustbeins (Sternum);A: Schambein (os pubis);F: Hauptfunktion ist die Flexion der Wirbelsäule (Rumpfbeugung);langer, paariger Muskel an der vorderen Bauchwand;;;;;;;;;;;;;;;;;;;;;;;;;;;;;;;;;;;;;;;;;;
Heart I;Beschreibe M. trapecius/ aufsteigender Anteil;Trapez- oder Kapuzenmuskel;;"U: aufsteigender Anteil; 4.-12. Brustwirbel";A: Schulterblattgräte (Spinae scapulae), Schulterhöhe (Acromion);F: Retraktion, Depression der Schulterblätter (Bewegung der Schulterblätter nach hinten und nach unten;;;;;;;;;;;;;;;;;;;;;;;;;;;;;;;;;;;;;;;;;;;
Heart I;Beschreibe M. rectus femoris;einer der vier Oberschenkelmuskeln (Quadriceps);;U: 2 Ursprünge unterer Darmbeinstachel (Spina iliaca anterior inferior, oberer Rand der Hüftgelenkspfanne (Acetabulum);A: Schienbein (Tibia) über die Patellasehne, befestigt an Tuberositas tibiae;F: Beugung im Hürftgelenk (Flexion), Streckung im Kniegelenk (Extension);;;;;;;;;;;;;;;;;;;;;;;;;;;;;;;;;;;;;;;;;;;
Heart I;Beschreibe M. triceps surae. Welche Muskeln sind zugehörig?;Wadenmuskel;3 Köpfe;M. gastrocnemius;M. gastrocnemius;M. Soleus;kräftiger dreiköpfiger Wadenmuskel an der Rückseite des Unterschenkels;;;;;;;;;;;;;;;;;;;;;;;;;;;;;;;;;;;;;;;;;;
Heart I;Beschreibe M. gastrocnemius und M. soleus;zweibäuchiger oberflächlicher Wadenmuskel;Hauptmuskel der Wade;U: Oberschenkelknochen (Femur), Schienbein hinten (Tibia);A: Fersenbein (Calcaneus) über die Achillessehne;F: Beugung (Flexion) im Kniegelenk, Beugung im Fussgelenk (Plantarflexion), Aussenrotation (Supination) im Fussgelenk;;;;;;;;;;;;;;;;;;;;;;;;;;;;;;;;;;;;;;;;;;;
Heart I;Beschreibe M. Ischios. Welche Muskeln sind zugehörig? ;;M.biceps femoris;M. semitendinosus;M. semimembranosus;U: Sitzbeinhöcker (Caput longum des Tuber ischiadicum), Oberschenkel hinten(Femur am caput breve);"A: Schienbein: M. emitendinosus und M. semimembranosus; Wadenbeiköpfchen (Caput fibulae): M. biceps femoris";"F: Aussenrotation (Extension) im Hüftgelenk; alle 3 bewirken Beugung (Flexion) im Kniegelenk; Semis: Innenrotation im flektierten Kniegelenk; bi.f.:Aussenrotation im flektierten Kniegelenk";;;;;;;;;;;;;;;;;;;;;;;;;;;;;;;;;;;;;;;;;
Heart I;Beschreibe M. erector spinae;;Rückenstrecker mit 3 Hauptsäulen;M. iliocostalis;M. longissimus;M. spinalis;U:Sacrum/Kreuzbein;A: Halswirbelsäule;F: Streckung im Rumpf und Streckung des Rückens;;;;;;;;;;;;;;;;;;;;;;;;;;;;;;;;;;;;;;;;
Heart I;Nenne alle Bezeichungen zur Skizze Hüftgelenk;Hüftgelenkspfanne;Hüftgelenkkopf;Schenkelhals;Gelenkkapsel;Gelenkspalt;Gelenkknorpel;(Spongiosa);(Compacta);;;;;;;;;;;;;;;;;;;;;;;;;;;;;;;;;;;;;;;;
Heart I;Nenne alle Bezeichnungen zur Skizze Knie;Gelenkpfanne;Gelenkkopf;Gelenkknorpel;Gelenkkapsel;Gelenkspalt;Kniescheibe (Patella) und Patellasehne;Kreuz- Seitenbänder;Meniskus / zwei Menisken;Schleimbeutel;(Periost/Knochenhaut);(Spongiosa/Schwammknochen, blutbildenes Knochenmark);(Compacta/harte Knochensubstanz direkt unter Periost);;;;;;;;;;;;;;;;;;;;;;;;;;;;;;;;;;;;
Heart I;Nenne alle Bezeichnungen zur Skizze Wirbel;Wirbelkörper;oberer Gelenkfortsatz;unterer Gelenkfortsatz;Dornfortsatz/Processus spinosus;Querfortsatz/ Processus transversus;Rippenfortsatz ( Processus costalis);Wirbelkanal;;;;;;;;;;;;;;;;;;;;;;;;;;;;;;;;;;;;;;;;;
Heart I;Welche Arten von Muskeln haben mehrere Köpfe? ;nur Muskeln mit mehreren getrennten Ursprüngen;;;;;;;;;;;;;;;;;;;;;;;;;;;;;;;;;;;;;;;;;;;;;;;
Heart I;Nenne alle Bezeichnungen für Anteil Muskelaufbau bezogen auf den Muskel;Knochen;Sehne;Muskel;Muskelfaserbündel;Muskelfasern mit Zellen und Zellkernen;Neurosmukuläre Endplatten;;;;;;;;;;;;;;;;;;;;;;;;;;;;;;;;;;;;;;;;;;
Heart I;Nenne alle nervenbezogenen Anteile der Muskelinnervation;Rückenmark;Soma eines Motoneurons (Nervenzelle);Neuron (Nerv);Motorische Einheiten (1,2,3…);Axon eines Motoneurons;(Neuromuskuläre Endplatten);;;;;;;;;;;;;;;;;;;;;;;;;;;;;;;;;;;;;;;;;;
Heart I;Was ist eine motorische Einheit?;Die kleinste funktionelle Einheit des neuromuskulären Systems, bestehend aus Motoneuron (im Rückenmark) und allen von diesem Neuron innervierten (angesteuerten) Muskelfasern;Ein einziges Motoneuron kann wenige bis tausende Fasern steuern.;;;;;;;;;;;;;;;;;;;;;;;;;;;;;;;;;;;;;;;;;;;;;;
Heart I;Was ist ein Sarkomer?;Die kleinste kontraktile Einheit in einer Skelettmuskelfaser;;;;;;;;;;;;;;;;;;;;;;;;;;;;;;;;;;;;;;;;;;;;;;;
Heart I;Nenne die Bezeichungen der Anteile eines Sarkomers;Sarkomer;Myofibrille;Z-Filament;Aktin-Filament;Myosin-Filament;Myosinschwanz;Myosinköpfchen;;;;;;;;;;;;;;;;;;;;;;;;;;;;;;;;;;;;;;;;;
Heart I;Was ist Anatomie?;Lehre / Wissenschaft des Körperbaus;;;;;;;;;;;;;;;;;;;;;;;;;;;;;;;;;;;;;;;;;;;;;;;
Heart I;Was ist Physiologie? ;Lehre / Wissenschaft der Körperfunktionen;;;;;;;;;;;;;;;;;;;;;;;;;;;;;;;;;;;;;;;;;;;;;;;
Heart I;In welche Bereiche lässt sich der menschliche Bewegungsapparat aufteilen?;aktiver und passiver Bewegungsapparat;;;;;;;;;;;;;;;;;;;;;;;;;;;;;;;;;;;;;;;;;;;;;;;
Heart I;Welche Elemente bilden den passiven Bewegungsapparat?;Knochen;Knorpel;Gelenkstrukturen (Gelenkkapsel, Bänder);;;;;;;;;;;;;;;;;;;;;;;;;;;;;;;;;;;;;;;;;;;;;
Heart I;Welche Elemente bilden den aktiven Bewegungsapparat?;Muskeln;Hilfseinrichtungen der Kraftübertragung ( Sehnen, Sehnenscheiden, Schleimbeutel);;;;;;;;;;;;;;;;;;;;;;;;;;;;;;;;;;;;;;;;;;;;;;
Heart I;Was sind Gelenke?;Mehr oder weniger bewegliche Verbindungen zwischen zwei oder mehreren Knochen;;;;;;;;;;;;;;;;;;;;;;;;;;;;;;;;;;;;;;;;;;;;;;;
Heart I;In welche zwei Kategorien lassen sich die Gelenke grob einteilen;Diarthrosen (echte Gelenke);Synarthrosen (unechte Gelenke);;;;;;;;;;;;;;;;;;;;;;;;;;;;;;;;;;;;;;;;;;;;;;
Heart I;Was ist das Achsenskelett?;Schädel;Wirbelsäule ;Brustkorb;;;;;;;;;;;;;;;;;;;;;;;;;;;;;;;;;;;;;;;;;;;;;
Heart I;Was ist das Extremitätenskelett?;Schultergürtel;obere Extremitäten;Beckengürtel;untere Exremitäten;;;;;;;;;;;;;;;;;;;;;;;;;;;;;;;;;;;;;;;;;;;;
Heart I;Nenne die Bezeichungen der Anteile eines Knochens;Diaphyse;proximale Epipyhse;distale Epipyhse;knöcherne Epiphysenlinie;Gelenkknorpel;Apophyse (knöcherner Vorsprung für Ansatz Bänder, Sehnen);Periost (Knochenhaut);Compacta (Kompaktknochen);Spongiosa (mit rotem blutbildenden Knochenmark);Markhöhle mit Fettmark;;;;;;;;;;;;;;;;;;;;;;;;;;;;;;;;;;;;;;
Heart I;Was bedeutet Periost?;Knochenhaut;;;;;;;;;;;;;;;;;;;;;;;;;;;;;;;;;;;;;;;;;;;;;;;
Heart I;Welches sind die Merkmale und Aufgaben des Periost?;gut durchblutet;gut innerviert;Schmerz- und Verletzungsempfindlich;baut mit Hilfe von Knochenzellen Knochengewebe auf;ummantelt den Knochen;;;;;;;;;;;;;;;;;;;;;;;;;;;;;;;;;;;;;;;;;;;
Heart I;Welche Arten von Knochenmark können unterschieden werden?;gelbes Knochenmark (96% Fett, liegt im Knochenhohlraum);rotes Knochenmark (liegt in der Spongiosa, hauptblutbildendes Organ);;;;;;;;;;;;;;;;;;;;;;;;;;;;;;;;;;;;;;;;;;;;;;
Heart I;Welches ist das hauptblutbildende Organ des Körpers?;rotes Knochenmark in der Spongiosa;;;;;;;;;;;;;;;;;;;;;;;;;;;;;;;;;;;;;;;;;;;;;;;
Heart I;Was ist die Diaphyse?;Schaft des Röhrenknochens;;;;;;;;;;;;;;;;;;;;;;;;;;;;;;;;;;;;;;;;;;;;;;;
Heart I;Woraus besteht die Diaphyse?;Knochenhaut (Periost);stabiles Rohr (Compacta);gelbes Knochenmark;;;;;;;;;;;;;;;;;;;;;;;;;;;;;;;;;;;;;;;;;;;;;
Heart I;Was ist eine Epiphyse?;Knochenende eines Röhrenknochens ;;;;;;;;;;;;;;;;;;;;;;;;;;;;;;;;;;;;;;;;;;;;;;;
Heart I;Woraus besteht die Epiphyse hauptsächlich?;Spongiosa und einem Knorpelüberzug (hyaliner Knorpel);;;;;;;;;;;;;;;;;;;;;;;;;;;;;;;;;;;;;;;;;;;;;;;
Heart I;Was ist die Spongiosa?;Schwammartiges Gerüst aus Knochenbälkchen in den Epiphysen;;;;;;;;;;;;;;;;;;;;;;;;;;;;;;;;;;;;;;;;;;;;;;;
Heart I;Was ist die Epiphysenfuge?;Hyaliner Knorpel zwischen Diaphyse und Epiphyse;Verantwortlich für das Längenwachstum des Röhrenlnochens;;;;;;;;;;;;;;;;;;;;;;;;;;;;;;;;;;;;;;;;;;;;;;
Heart I;Was sind Osteozyten?;Knochenzellen;;;;;;;;;;;;;;;;;;;;;;;;;;;;;;;;;;;;;;;;;;;;;;;
Heart I;Nenne die knochenumbauenden Elemente;Osteoblasten (Bauen Knochen auf);Osteklasten (bauen Knochen ab);;;;;;;;;;;;;;;;;;;;;;;;;;;;;;;;;;;;;;;;;;;;;;
Heart I;Woraus besteht das Knochengewebe?;30% organische Bestandteile ;60% anorganische Bestandteile;10% Wasser;;;;;;;;;;;;;;;;;;;;;;;;;;;;;;;;;;;;;;;;;;;;;
Heart I;Welches sind die organischen Bestandteile im Knochengewebe?;95% Kollagenfasern plus Proteine und Fette;;;;;;;;;;;;;;;;;;;;;;;;;;;;;;;;;;;;;;;;;;;;;;;
Heart I;In welchen Lebensmitteln finde ich natürliches Kollagen?;Hülsenfrüchte;Getreideprodukte;Nüsse ;Samen;Fleischsorten mit hohem Bindegewebsanteil, Fisch und Eier;zusätzlich Zitrusfrüchte, hoher Vitamin C Gehalt, wichtig für die Kollagensynthese, hilft Aminosäuren sich zu Kollagen zu verbinden;;;;;;;;;;;;;;;;;;;;;;;;;;;;;;;;;;;;;;;;;;
Heart I;Wofür sind die organischen Bestandteile des Knochens?;leicht elastische Grundstruktur;für Strukturanpassung bei wiederholt einwirkenden Belastungen (Neuausrichtung);;;;;;;;;;;;;;;;;;;;;;;;;;;;;;;;;;;;;;;;;;;;;;
Heart I;Welches sind die anorganischen Bestandteile im Knochengewebe?;85% Kalziumphosphat;bis zu 10% Kalziumcarbonat;Magnesium;Kalium;;;;;;;;;;;;;;;;;;;;;;;;;;;;;;;;;;;;;;;;;;;;
Heart I;Wofür sind die anorganischen Bestandteile des Knochens?;knochentypische harte und nicht elastische Struktur;;;;;;;;;;;;;;;;;;;;;;;;;;;;;;;;;;;;;;;;;;;;;;;
Heart I;Was steuert den fortwährenden Knochenaufbau und Knochenabbau im menschlichen Körper?;Hormone;;;;;;;;;;;;;;;;;;;;;;;;;;;;;;;;;;;;;;;;;;;;;;;
Heart I;Wo wird der Mineralstoff Kalzium im Körper gespeichert?;zu 99% in den Knochen;;;;;;;;;;;;;;;;;;;;;;;;;;;;;;;;;;;;;;;;;;;;;;;
Heart I;Welche Funktionen können Knochen zugeteilt werden?;formend;stützend (gegen SchwerkraftI;schützend (innere Organe);bewegend (Bewegung über Gelenkverbindungen zulassend);Ursprung und Ansatz der Skelettmuskulatur;Mineralienspeicher;Blutbildung (rote und weisse Blutkörperchen sowie Blutplättchen;;;;;;;;;;;;;;;;;;;;;;;;;;;;;;;;;;;;;;;;;
Heart I;Was sind Chondrozyten?;Knorpelzellen;;;;;;;;;;;;;;;;;;;;;;;;;;;;;;;;;;;;;;;;;;;;;;;
Heart I;Welche Arten von Knorpel gibt es?;Hyaliner Knorpel (Gelenkknorpel);Faserknorpel (Bandscheiben, Menisken);elastischer Knorpel (Nase, Ohrmuschel);;;;;;;;;;;;;;;;;;;;;;;;;;;;;;;;;;;;;;;;;;;;;
Heart I;Nenne Hauptaufgaben von hyalinem Knorpel;Schutzschicht der Knochenenden;Reibungsdämpfung;Puffer für Druck- und Stossbelastungen;;;;;;;;;;;;;;;;;;;;;;;;;;;;;;;;;;;;;;;;;;;;;
Heart I;Wie wird hyliner Knorpel ernährt?;Wechselspiel Belastung und Entlastung;dabei gelangt durch Diffusion (wie Schwamm) die nährstoffreice Gelenksflüssigkeit (Synovia) in den Knorpel;;;;;;;;;;;;;;;;;;;;;;;;;;;;;;;;;;;;;;;;;;;;;;
Heart I;Wie reagiert hyaliner Knorpel auf regelmässig einwirkende Belastung;Verdickung;;;;;;;;;;;;;;;;;;;;;;;;;;;;;;;;;;;;;;;;;;;;;;;
Heart I;Nenne die Unterschiede von echten und unechten Gelenken;Diarthrosen (echte Gelenke) sind klar beweglich, untergeordnet werden dazu Amphiarthrosen (Bsp ISG, hat Gelenkspalt und ist minim beweglich);Synarthrosen (unechte Gelenke) sind nicht bewegleich;;;;;;;;;;;;;;;;;;;;;;;;;;;;;;;;;;;;;;;;;;;;;;
Heart I;Was sind Amphiarthrosen?;Gelenke mit geringer Beweglichkeit ;Bsp. Illiosacralgelenk ISG;;;;;;;;;;;;;;;;;;;;;;;;;;;;;;;;;;;;;;;;;;;;;;
Heart I;Was sind Synarthrosen?;unbewegliche Gelenke (unechte Gelenke);Verbindung zwischen Knochenelementen ist durch Gewebe (Knochen-, Knorpel-, Bindegewebe) vollständig aufgefüllt;Bsp. Schädelnähte, Schambeinfuge (Symphyse), Kreuzbein;;;;;;;;;;;;;;;;;;;;;;;;;;;;;;;;;;;;;;;;;;;;;
Heart I;Was sind Diarthrosen?;Gelenke welche in mind. einer Ebene klar beweglich sind (= echte Gelenke);;;;;;;;;;;;;;;;;;;;;;;;;;;;;;;;;;;;;;;;;;;;;;;
Heart I;Aus welchen Strukturen bestehen echte Gelenke?;Gelenkkapsel;Gelenkhöhle mit Gelenkflüssigkeit (Synovia);Gelenkspalt (Trennraum zwischen den Gelenkflächen);Knochen-Gelenkflächen mit hyalinem Knorpel;Gelenkkopf, welcher in der Gelenkpfanne liegt;Die Gelenkkapsel ist eine abschliessende und gut innervierte Schutzhülle aus Bindegewebe mit einer äusseren und einer inneren Schicht. Sie schützt das Gelenk vor Luxation, stabilisiert die Knochenenden und produziert Synovia, die nötige Gelenkschmiere.;;;;;;;;;;;;;;;;;;;;;;;;;;;;;;;;;;;;;;;;;;
Heart I;Nenne die Aufgaben der Gelenkflüssigkeit;Nährung des hyalinen Knorpelgewebes;Gelenkschmierung (ergibt Reibungsminderung);;;;;;;;;;;;;;;;;;;;;;;;;;;;;;;;;;;;;;;;;;;;;;
Heart I;Was ist zuständig für die Produktion der Gelenkflüssigkeit?;innere Schicht der Gelenkkapsel;angeregt durch die Bewegung (Mobilisation) im Gelenk;;;;;;;;;;;;;;;;;;;;;;;;;;;;;;;;;;;;;;;;;;;;;;
Heart I;Nenne den Aufbau von Bändern (Ligamenten);sind hauptsächlich aus Kollagen;faserige, zugfeste Gewebestränge, beschränkt dehnfähig und nur gering durchblutet;;;;;;;;;;;;;;;;;;;;;;;;;;;;;;;;;;;;;;;;;;;;;;
Heart I;Welche Funktion haben Bänder?;hemmen Bewegungsradien des Gelenks (primäre Stabilisation);übernehmen Kontrollfunktion betreffend Lage des Gelenks;Rezeptoren (sensible Sensoren) übernehmen Weiterleitung von Informationen über die jeweilige Gelenkstellung;;;;;;;;;;;;;;;;;;;;;;;;;;;;;;;;;;;;;;;;;;;;;
Heart I;Wodurch besteht die Sicherung der echten Gelenke?;Skelettmuskulatur;;;;;;;;;;;;;;;;;;;;;;;;;;;;;;;;;;;;;;;;;;;;;;;
Heart I;Nenne die unterschiedlichen Gelenkformen;Kugelgelenk (Bsp. Schultergelenk) - 3 Freiheitsgrade;Rad- oder Zapfengelenk (Bsp. zwischen Elle und Speiche / Ulna und Radius) - 1 Freiheitsgrad;Eigelenk (Bsp. zwischen Unterarmknochen und Handwurzelknochen = proximales Handgelenk)  - 2 Freiheitsgrade;Sattelgelenk (Bsp. Daumengrundgelenk) - 2 Freiheitsgrade;Scharniergelenk (Bsp. Fingermittelgelenke - 1 Freiheitsgrad;Planes- / Gleitgelenk (Bsp. Kleine Wirbelgelenke) - 2 Freiheitsgrade;Dreh- und Scharniergelenk (Knie) - 2 Freiheitsgrade;;;;;;;;;;;;;;;;;;;;;;;;;;;;;;;;;;;;;;;;;
Heart I;Nenne Gelenksformen mit einem Freiheitsgrad;Rad-oder Zapfengelenk;Scharniergelenk;;;;;;;;;;;;;;;;;;;;;;;;;;;;;;;;;;;;;;;;;;;;;;
Heart I;Nenne Gelenksformen mit zwei Freiheitsgraden;Eigelenk;Sattelgelenk;Planes-/ Gleitgelenk;Dreh- und Scharniergelenk (Knie);;;;;;;;;;;;;;;;;;;;;;;;;;;;;;;;;;;;;;;;;;;;
Heart I;Nenne Gelenksformen mit drei Freiheitsgraden;Kugelgelenk;;;;;;;;;;;;;;;;;;;;;;;;;;;;;;;;;;;;;;;;;;;;;;;
Heart I;Nenne Anzahl Wirbelkörper pro Wirbelsäulenabschnitt;7 Halswirbel (Cervikal C1 - C7);12 Brustwirbel (Thoracal Th1 - Th12);5 Lendenwirbel (Lumbal L1 - L5);1 Kreuzbein (5 Kreuzbeiwirbel zusammengewachsen);1 Steissbein (3-4 Steissbeinwirbel zusammengewachsen);;;;;;;;;;;;;;;;;;;;;;;;;;;;;;;;;;;;;;;;;;;
Heart I;In welche Abschnitte wird die Wirbelsäule unterteilt?;Halswirbelsäule (HWS);Brustwirbelsäule (BWS);Lendenwirbelsäule (LWS);Kreuzbein (Os sacrum);Steissbein (Os coccygis);;;;;;;;;;;;;;;;;;;;;;;;;;;;;;;;;;;;;;;;;;;
Heart I;Was besdeutet Atlas und Axis?;Atlas ist der 1. Halswirbel;Axis ist der 2. Halswirbel;;;;;;;;;;;;;;;;;;;;;;;;;;;;;;;;;;;;;;;;;;;;;;
Heart I;Was bildet das obere Kopfgelenk?;Atlas und Hinterhauptbein (Atlanto-Occipital Gelenk;Eigelenk;;;;;;;;;;;;;;;;;;;;;;;;;;;;;;;;;;;;;;;;;;;;;;
Heart I;Was bildet das untere Kopfgelenk?;Atlas und Axis bilden das bandscheibenfreie untere Kopfgelenk;Rad- oder Zapfengelenk;;;;;;;;;;;;;;;;;;;;;;;;;;;;;;;;;;;;;;;;;;;;;;
Heart I;Nenne Aufbau von Bandscheiben;äussere Schicht aus kollagenen Fasern;innere Schicht aus gallertartigem Kern (Nucleus pulposus);;;;;;;;;;;;;;;;;;;;;;;;;;;;;;;;;;;;;;;;;;;;;;
Heart I;Nenne die Krümmungen der einzelnen Abschnitte der Wirbelsäule;Halslordose;Brustkyphose;Lendenlordose;Kreuzbeinkyphose;Steissbein;;;;;;;;;;;;;;;;;;;;;;;;;;;;;;;;;;;;;;;;;;;
Heart I;Wie werden Bandscheiben durchblutet und innerviert?;nur äussere Schicht mit kollagenen Fasern ist durchblutet und innerviert;;;;;;;;;;;;;;;;;;;;;;;;;;;;;;;;;;;;;;;;;;;;;;;
Heart I;In welchem Abschnitt weist die Wirbelsäule die höchste Rotationsfähigkeit auf und wie gross ist diese?;Halswirbelsäule (HWS);bis 50 Grad;;;;;;;;;;;;;;;;;;;;;;;;;;;;;;;;;;;;;;;;;;;;;;
Heart I;Wieviele Grade kann Lendenwirbelsegement rotieren?;rund 1 Grad pro Wirbelsegment und Richtung;;;;;;;;;;;;;;;;;;;;;;;;;;;;;;;;;;;;;;;;;;;;;;;
Heart I;Nenne die Faktoren des Bewegungsspielraums eines Gelenks;Gelenksform;Zugspannung der Bänder im Verlauf der Bewegung;Weichteilhemmung durch umliegende Gewebestrukturen (erhöht bei Adipositas);Dehnfähigkeit der Muskulatur (neurale Toleranz);;;;;;;;;;;;;;;;;;;;;;;;;;;;;;;;;;;;;;;;;;;;
Heart I;Nenne die verschiedenen Arten von Muskulatur;Quergestreifte Muskulatur (Skelett);glatte Muskulatur (innere Organe);Herzmuskulatur;;;;;;;;;;;;;;;;;;;;;;;;;;;;;;;;;;;;;;;;;;;;;
Heart I;Nenne die Hauptaufgaben des aktiven Bewegungsapparates;Bewegung und Bewegungskontrolle;Stabilisation der Gelenkstrukturen;;;;;;;;;;;;;;;;;;;;;;;;;;;;;;;;;;;;;;;;;;;;;;
Heart I;Nenne und unterscheide  die Befestigungspunkte des Muskels an den Knochen;Ursprung: liegt näher am Körperzentrum, am unbeweglichen Teil (punctum fixum);Ansatz: liegt weiter entfernt vom Körperzentrum, am beweglicheren Teil (punctum mobile);;;;;;;;;;;;;;;;;;;;;;;;;;;;;;;;;;;;;;;;;;;;;;
Heart I;Woraus besteht Muskelgewebe?;85% Muskelzellen (Muskelfasern);15% Bindegewebshüllen (Faszien);;;;;;;;;;;;;;;;;;;;;;;;;;;;;;;;;;;;;;;;;;;;;;
Heart I;Welche Strukturen gehören zum echten Bindegewebe?;Sehnen;Bänder;Faszien;Muskelhüllen;Sehnenscheiden und Schleimbeutel;Gelenkkapsel;;;;;;;;;;;;;;;;;;;;;;;;;;;;;;;;;;;;;;;;;;
Heart I;Was sind kontraktile Elemente?;Aktin- und Myosinfilamente;;;;;;;;;;;;;;;;;;;;;;;;;;;;;;;;;;;;;;;;;;;;;;;
Heart I;Was ist Titin und was bewirkt es?;strukturelles und elastisches Proteinelement in der Myofibrille (wie Aktin und Myosin);verbindet Z-Scheiben und Myosinfilamente;ermöglicht die Längenveränderung im Muskel;Titin führt nach einer exzentrischen Kontraktion die Aktin und Myosin Filamente ordnend zurück in die Ruhelänge;Titin ist verantwortlich für einen Teil des Dehnungwiderstandes des Muskels;;;;;;;;;;;;;;;;;;;;;;;;;;;;;;;;;;;;;;;;;;;
Heart I;Erkläre den Kontraktionsmechanismus des Muskels;Beim aktiven Ziehen des Muskels werden im einzelnen Sarkomer die Filamente übereinander geschoben.;Dabei setzen die Myosinfilamente mit ihren Köpfchen an den Aktinfilamenten an (Querbrückenbildung) und ziehen diese durch eine Abkipp-Bewegung von beiden Seiten her zum Zentrum des Sarkomers und lösen sich wieder.;Myosinköpfchen agieren ähnlich wie die Rudermannschaft bei einem Bootsrennen.  Ein dickes Filament ist etwa mit 500 Myosinköpfchen ausgestattet. Führen diese in ihrer Gesamtheit einen Ruderschlag aus, so kann ein Sarkomer gerade mal um 1% zusammengezogen werden.;Für ein grösstmögliches Zusammenziehen, also eine maximale Kontraktion, sind etwa 50 solcher Ruderschläge notwendig.;So kann eine gegen das Sarkozentrum gerichtete Längenveränderung von bis zu 40% erreicht werden.;;;;;;;;;;;;;;;;;;;;;;;;;;;;;;;;;;;;;;;;;;;
Heart I;Nenne die Hauptaugabe der Sehnen;Die Kraftübertragung vom Muskel auf Knochen, um Bewegung zu ermöglichen.;;;;;;;;;;;;;;;;;;;;;;;;;;;;;;;;;;;;;;;;;;;;;;;
Heart I;Nenne den Aufbau und die Zusammensetzung der Sehnen;vorkommend als Stränge oder Platten (Aponeurosen);überwiegend aus Fasern bestehend, welche wellenförmig angeordnet sind;zwischen kollagenen Fasern verlaufen auch elastische Fasern, welche die Sehne nach Dehnung wieder in die Ausgangslänge bringen;Sehnen sind unterschiedlich gut innerviert und mit Blutgefässen ausgestattet (je nach Lage);näher am Knochen liegendes Sehnengewebe ist stärker durchblutet, weil näher am Muskel;;;;;;;;;;;;;;;;;;;;;;;;;;;;;;;;;;;;;;;;;;;
Heart I;Nenne die Reaktion von Sehnen auf regelmässige physiologisch sinnvolle Belastung;Sehnengewebe wird angepasst und umgebaut;Sehnen werden reissfester;;;;;;;;;;;;;;;;;;;;;;;;;;;;;;;;;;;;;;;;;;;;;;
Heart I;Was sind Sehnenscheiden?;Hilfseinrichtungen der Kraftübertragung im aktiven Bewegungsapparat;Gleithüllen, welche die Sehne an stark belasteten Orten umfasst;ermöglichen reibungsloses bewegen durch eine Art Gleitflüssigkeit;;;;;;;;;;;;;;;;;;;;;;;;;;;;;;;;;;;;;;;;;;;;;
Heart I;Was ist ein Schleimbeutel?;Hilfseinrichtungen der Kraftübertragung im aktiven Bewegungsapparat;kleinen Wasserkissen ähnlich;mit festeren bindegewebigen Aussenschicht und Synovia ähnlicher Flüssigkeit im Innern;an Orten, an welchen Druckbelastungen dauerhaft abgefangen werden müssen (Bsp. Kniegelenk);;;;;;;;;;;;;;;;;;;;;;;;;;;;;;;;;;;;;;;;;;;;
Heart I;Was sind Faszien?;Hilfseinrichtungen der Kraftübertragung im aktiven Bewegungsapparat;trennen die einzelnen Muskeln oder Muskelgruppen voneinander;umfassen den Muskel samt Sehnenscheiden und Sehnen;sorgen für optimals Gleitverhalten;;;;;;;;;;;;;;;;;;;;;;;;;;;;;;;;;;;;;;;;;;;;
Heart I;Was unterscheidet - neben Struktur - die quergestreifte von der glatten Muskulatur;quergestreifte Muskulatur (Skelett) kann willkürlich gesteuert werden;glatte Muskulatur (innere Organe) arbeitet unwillkürlich;;;;;;;;;;;;;;;;;;;;;;;;;;;;;;;;;;;;;;;;;;;;;;
Heart I;Nenne die Hauptaufgabe des Muskels;Kontraktion;die Aktivierung der kontraktilen Elemente der einzelnen Muskelzellen und somit Spannungsaufbau;;;;;;;;;;;;;;;;;;;;;;;;;;;;;;;;;;;;;;;;;;;;;;
Heart I;Nenne die Kontraktionsformen des Muskels;Ruhelage;Dehnung eines passiven Muskels;Konzentrische Kontraktion;Exzentrische Kontraktion;Isometrische Kontraktion;Isotonische Kontraktion;;;;;;;;;;;;;;;;;;;;;;;;;;;;;;;;;;;;;;;;;;
Heart I;Was ist die konzentrische Kontraktion?;konzentrisch = positiv dynamisch, überwindend;Spannungsaufbau führt zu Längenveränderung (Verkürzung);Muskelursprung und Muskelansatz nähern sich an;;;;;;;;;;;;;;;;;;;;;;;;;;;;;;;;;;;;;;;;;;;;;
Heart I;Was ist die exzentrische Kontraktion?;exzentrisch = negativ dynamisch, nachgebend;Muskel ist stets unter Spannung;Muskelursprung und Muskelansatz entfernen sich voneinander;kann aus bewusster Steuerung resultieren oder aus Überforderung, aufgrund zu hoher Belastung und somit um zu hoher Belastung aktiv entgegen zu wirken;;;;;;;;;;;;;;;;;;;;;;;;;;;;;;;;;;;;;;;;;;;;
Heart I;Was ist die isometrische Kontraktion?;isometrisch = statisch, haltend (Muskelspannung steigt stark an);Muskelspannung führt zu keiner Längenveränderung von Ursprung und Ansatz;kontraktile Elemente ziehen sich zusammen, während elastische gleichzeitig gedehnt werden;eine Art Gleichgewicht im Muskel;Bsp. Tragen einer schweren Kiste vor der Brust;Bsp. Wanddrücken, Unterarmstütz (Plank);;;;;;;;;;;;;;;;;;;;;;;;;;;;;;;;;;;;;;;;;;
Heart I;Was ist die isotonische Kontraktion?;isotonisch = gleiche Spannung (Muskelspannung bleibt konstant);Der Muskel verkürzt sich, aber die Kraft bleibt gleich.;Bsp. Anheben der Kiste vom Boden;Bsp. Klimmzug, Kniebeuge, Laufen;;;;;;;;;;;;;;;;;;;;;;;;;;;;;;;;;;;;;;;;;;;;
Heart I;Nenne den Unterschied zwischen isometrischer und isotonischer Kontraktion;Hauptunterschied, ob sich die Länge oder die Spannung des Muskels während der Arbeit verändert;Reine isotonische Kontraktionen gibt es im Alltag fast nie. Sobald sich ein Gelenk bewegt, ändern sich durch die Hebelwirkung auch die physikalischen Schwerkraftverhältnisse (= auxotonische Kontraktion).;;;;;;;;;;;;;;;;;;;;;;;;;;;;;;;;;;;;;;;;;;;;;;
Heart I;Was ist die auxotonische Kontraktion?;Kombination von konzentrischer und exzentrischer Kontraktion;bei üblichen Bewegungsformen im Alltag und im Training;;;;;;;;;;;;;;;;;;;;;;;;;;;;;;;;;;;;;;;;;;;;;;
Heart I;Was ist ein Agonist?;Hauptakteur einer Bewegung;;;;;;;;;;;;;;;;;;;;;;;;;;;;;;;;;;;;;;;;;;;;;;;
Heart I;Was ist ein Antagonist?;Zulasser der Bewegung;Ausführer der Gegenbewegung des Agonisten;;;;;;;;;;;;;;;;;;;;;;;;;;;;;;;;;;;;;;;;;;;;;;
Heart I;Was ist ein Synergist?;Unterstützer einer Bewegung und ermöglicher einer Bewegung durch Kontrolle von Körperhaltung;;;;;;;;;;;;;;;;;;;;;;;;;;;;;;;;;;;;;;;;;;;;;;;
Heart I;Warum ist die übliche Aufteilung in Agonist, Antagonist und Synergist ungenau / vereinfachend?;Je nach Bewegung ist die Bestimmung eines eindeutigen Agonisten schwierig.;So kann der Ausfall eines 'lediglich' mitbeteiligten Muskels mitunter dafür sorgen, dass die Bewegung gar nicht, oder nicht wie erwünscht durchgeführt werden kann.;;;;;;;;;;;;;;;;;;;;;;;;;;;;;;;;;;;;;;;;;;;;;;
Heart I;Nenne die Hauptaufgabe von Blut;Transport vitaler Stoffe (Sauerstoff, Kohlendioxid, Nährstoffe, Wasser, Stoffwechselprodukte, Vitamine, Blutsalze;Wärmetransport (Heizung-Kühlung);Transport von Hormonen;Pufferung gegen Übersäuerung;Transport immunrelevanter Stoffe;;;;;;;;;;;;;;;;;;;;;;;;;;;;;;;;;;;;;;;;;;;
Heart I;Weshalb tritt Muskelkater auf?;mikroskopisch kleine Risse in den Muskelfasern, die durch ungewohnte oder besonders intensive Belastungen entstehen;Diese Miniverletzungen (Mikrotraumata) treten vor allem bei den kleinsten Bauelementen des Muskels, den sogenannten Z-Scheiben der Sarkomere auf.;;;;;;;;;;;;;;;;;;;;;;;;;;;;;;;;;;;;;;;;;;;;;;
Heart I;Warum tritt Muskelkater-Schmerz 1 - 2 Tage verzögert auf?;Entsteht durch Regenerationsprozess;Entzündung und Flüssigkeitsansammlung (Ödembildung) in den beschädigten Strukturen verursachen Dehnungsschmerzen von bis zu einer Woche;liefern Hinweis den betroffenen Muskel zu schonen;;;;;;;;;;;;;;;;;;;;;;;;;;;;;;;;;;;;;;;;;;;;;
Heart I;Nenne die verschiedenen typen von Muskelfasern;ST-Fasern = rote, langsam zuckende Muskelfasern, aerob arbeitende, ausdauernde Fasern;FT-Fasern = weisse, schnell zuckende Muskelfasern, eher anaerob arbeitende Fasern;;;;;;;;;;;;;;;;;;;;;;;;;;;;;;;;;;;;;;;;;;;;;;
Heart I;Was ist notwendig, damit eine Bewegung entstehen kann?;Gelenk;Muskulatur, welche über das Gelenk zieht;Impuls;Energie;;;;;;;;;;;;;;;;;;;;;;;;;;;;;;;;;;;;;;;;;;;;
Heart I;Was ist Flexion?;Beugung;;;;;;;;;;;;;;;;;;;;;;;;;;;;;;;;;;;;;;;;;;;;;;;
Heart I;Was ist Extension?;Streckung;;;;;;;;;;;;;;;;;;;;;;;;;;;;;;;;;;;;;;;;;;;;;;;
Heart I;Was ist Rotation?;Drehung;;;;;;;;;;;;;;;;;;;;;;;;;;;;;;;;;;;;;;;;;;;;;;;
Heart I;Was ist Adduktion?;an den Körper heranziehen;;;;;;;;;;;;;;;;;;;;;;;;;;;;;;;;;;;;;;;;;;;;;;;
Heart I;Was ist Abduktion?;vom Körper wegspreizen;;;;;;;;;;;;;;;;;;;;;;;;;;;;;;;;;;;;;;;;;;;;;;;
Heart I;Was ist Supination?;Drehung des Unterarmes, so dass der Handteller nach oben zeigt;(Suppe essen);;;;;;;;;;;;;;;;;;;;;;;;;;;;;;;;;;;;;;;;;;;;;;
Heart I;Was ist Pronation?;Drehung des Unterarmes, so dass der Handteller nach unten zeigt;;;;;;;;;;;;;;;;;;;;;;;;;;;;;;;;;;;;;;;;;;;;;;;
Heart I;Was ist lateral Flexion?;Seitneigung;;;;;;;;;;;;;;;;;;;;;;;;;;;;;;;;;;;;;;;;;;;;;;;
Heart I;Übung Foto: fehlende Muskeln benennen;"M. trapezius; M. obliquus externus abdominis; M. soleus; M. triceps brachii; M. deltoideus; M. erector spinae; M. latissimus dorsi; M. gluteus maximus; M. semi-membranosus; M. biceps femoris, M. gastrocnemius";"M. biceps brachii; M. triceps brachii; M. latissimus dorsi; M. pectoralis major; M. obliquus externus abdominis; M. rectus femoris; M. deltoideus; M. biceps brachii; M. rectus abdominalis";;;;;;;;;;;;;;;;;;;;;;;;;;;;;;;;;;;;;;;;;;;;;;
Repetitionsfragen Heart I;Was ist eine Zelle?;kleinste eigenständige und lebensfähige Funktionseinheit des Körpers;;;;;;;;;;;;;;;;;;;;;;;;;;;;;;;;;;;;;;;;;;;;;;;
Repetitionsfragen Heart I;Was sind Organellen?;Bestandteile einer Zelle mit bestimmten Aufgaben;Bsp. Zellkern (Erbinformation der Zelle;Bsp. Mitochondrien (aerobe Zellatmung);Bsp. Ribosomen (Proteinsynthese);;;;;;;;;;;;;;;;;;;;;;;;;;;;;;;;;;;;;;;;;;;;
Repetitionsfragen Heart I;Was sind Gewebe?;grössere Systemeinheiten von zusammengehörigen Zellen, welche dieselbe Arbeit verrichten;;;;;;;;;;;;;;;;;;;;;;;;;;;;;;;;;;;;;;;;;;;;;;;
Repetitionsfragen Heart I;Welche Gewebearten kennst du?;Epithelgewebe = Oberflächen (Haut)-, Drüsen- und Sinnesepithelien;Binde- und Stützgewebe = lockeres Bindegewebe (Organhohlräume), straffes Bindegewebe (Sehnen), retikuläres Bindegewebe (Lymphorgane), Fettgewebe, Knorpel, Knochen;Muskelgewebe = glatte Muskulatur (innere Organe), Herzmuskulatur, quergestreifte Muskulatur (Skelettmuskulatur);Nervengewebe = Nervenzellen uznd Stützzellen;;;;;;;;;;;;;;;;;;;;;;;;;;;;;;;;;;;;;;;;;;;;
Repetitionsfragen Heart I;Nenne die Gewebeart von Knochen;Stütz- und Bindegewebe;;;;;;;;;;;;;;;;;;;;;;;;;;;;;;;;;;;;;;;;;;;;;;;
Repetitionsfragen Heart I;Was ist Arthrose?;degenerative Gelenksveränderung infolge mechanischer Überbelastung der beteiligten Strukturen;betroffen ist in erster Linie Gelenksknorpel;in fortgeschrittenem Stadium kann es zu Veränderungen des Knochens kommen;;;;;;;;;;;;;;;;;;;;;;;;;;;;;;;;;;;;;;;;;;;;;
Repetitionsfragen Heart I;Weshalb wird Arthrose oft erst im fortgeschrittenen Stadium durch Folgebeschwerden erkannt?;Knorpelabbau ist nicht direkt spürbar, weil Knorpelgewebe nicht innerviert ist;somit werden keine Scherzimpulse weitergeleitet;;;;;;;;;;;;;;;;;;;;;;;;;;;;;;;;;;;;;;;;;;;;;;
Repetitionsfragen Heart I;Was sind Syndesmosen?;Bandhaften;Knochenverbindungen durch straffes, kollagenfaseriges Bindegewebe;Bsp. Schädelnähte;;;;;;;;;;;;;;;;;;;;;;;;;;;;;;;;;;;;;;;;;;;;;
Repetitionsfragen Heart I;Was sind Synchondrosen?;Knorpelhaften;Knochenverbindungen durch Knorpelgewebe;Bsp. Schambeinfuge (Symphyse), Bandscheibe (Discus intervertebralis);;;;;;;;;;;;;;;;;;;;;;;;;;;;;;;;;;;;;;;;;;;;;
Repetitionsfragen Heart I;Was sind Synostosen?;Knochenhaften;Knochenverbindungen durch Knochengewebe;= Verknöcherung von ursprünglich faserigem Bindegewebe;Bsp. Kreuzbein (Os sacrum);;;;;;;;;;;;;;;;;;;;;;;;;;;;;;;;;;;;;;;;;;;;
Repetitionsfragen Heart I;Was bedeutet Skoliose?;Abweichung der Wirbelsäule in der Rückenansicht im Sinne einer seitlichen Verbiegung;;;;;;;;;;;;;;;;;;;;;;;;;;;;;;;;;;;;;;;;;;;;;;;
Repetitionsfragen Heart I;Nenne die Aufgaben der Wirbelsäule;hält Rumpf aufrecht über der Stützbasis der Füsse;federt als Stossdämpfer vor allem senkrecht wirkende Belastungen ab;schützt gegen oben das Hirn vor Erschütterungseinwirkungen;trägt als Teil des Rumpfes sowohl Kopf als auch obere Gliedmassen;leitet Gewichtsbelastung (aufrechter Gang plus Schwerkraft) über das Becken und die Beine weiter;beherbergt und schützt das Rückenmark und die durch den Wirbelkanal führenden Nervenstränge des zentralen Nervensystems;;;;;;;;;;;;;;;;;;;;;;;;;;;;;;;;;;;;;;;;;;
Repetitionsfragen Heart I;Was ist das Rückenmark?;Teil des zentralen Nervensystems aus dem die Spinalnerven, die Hauptstränge des peripheren Nervensystems verzweigen;;;;;;;;;;;;;;;;;;;;;;;;;;;;;;;;;;;;;;;;;;;;;;;
Repetitionsfragen Heart I;Welches sind die Hauptaufgaben des aktiven Bewegungsapparates?;Bewegung des passiven Bewegungsapparates;funktionelle Ausrichtung der Gelenkstrukturen;Stabilisation der Gelenkstrukturen;;;;;;;;;;;;;;;;;;;;;;;;;;;;;;;;;;;;;;;;;;;;;
Repetitionsfragen Heart I;Wie ist der strukturelle Aufbau einer Muskelfaser?;jede Muskelfaser besteht aus parallel angeordneten faserartigen Strukturen;diese fadenartigen Elemente werden Myofibrillen genannt, sie sind gegliedert in kleinste Abteile;diese werden Sarkomere genannt, sie sind aneinander gereiht und unterteilen die Myofibrillen quer (wie eine Reihenhaussiedlung);diese Musterung erklärt die Bezeichnung: quergestreifte Muskulatur;das Sarkomer ist als kleinstes kontraktiles Element im Muskel für das Zusammenziehen und somit für die Bewegung verantwortlich;das Sarkomer wird zu beiden Seiten durch die Z-Scheiben begrenzt und misst etwa 2.5 Mikrometer;innerhalb des Sarkomers findet man eine regelmässige anordnung von dünnen Aktin- und dickeren Myosinfilamenten mit ihren Myosinköpfchen;;;;;;;;;;;;;;;;;;;;;;;;;;;;;;;;;;;;;;;;;
Heart II;Nenne den speziellen Mechanismus des Kniegelenks;Roll-Gleit-Mechanismus;;;;;;;;;;;;;;;;;;;;;;;;;;;;;;;;;;;;;;;;;;;;;;;
Heart II;Welche Bewegungen sind im Kniegelenk wann möglich?;gestrecktes Knie: Beugung-Streckung;gebeugtes Knie: plus Rotation;;;;;;;;;;;;;;;;;;;;;;;;;;;;;;;;;;;;;;;;;;;;;;
Heart II;Nenne die Funktion der Menisken;Optimierung der Druckverteilung innerhalb des Roll-Gleit-Mechanismus;;;;;;;;;;;;;;;;;;;;;;;;;;;;;;;;;;;;;;;;;;;;;;;
Heart II;Nenne die Hauptaufgabe der Kreuzbänder;Unterstützen als Führungselemente die Gleitbewegung zwischen Ober- und Unterschenkel;;;;;;;;;;;;;;;;;;;;;;;;;;;;;;;;;;;;;;;;;;;;;;;
Heart II;Was ist das besondere des Schultergelenks?;beweglichstes Gelenk des Körpers;ca. 30% Überdachung;muss muskulär stabilisiert werden;Die lokalen Stabilisatoren sind die Muskeln der Rotatorenmanschette.;Die Rotatorenmanchette zentriert den Humeruskopf auf die Pfanne.;Die Abduktion des Armes ist eine Kombinationsbewegung von Schultergelenk, Schulterblatt und Brustwirbelsäule (Humeroskapularer Rhythmus);;;;;;;;;;;;;;;;;;;;;;;;;;;;;;;;;;;;;;;;;;
Heart II;Nenne die Aufgabe des Nervensystems (NS);übergeordnete Steuerungs- und Kontrollinstanz des Körpers;In Zusammenarbeit mit dem Hormonsystem regelt es die Leistung aller Organsysteme.;;;;;;;;;;;;;;;;;;;;;;;;;;;;;;;;;;;;;;;;;;;;;;
Heart II;Wie lässt sich das Nervensystem unterteilen?;Das Nervensystem wird anatomisch in das Zentrale Nervensystem (ZNS) zur Informationsverarbeitung und das Periphere Nervensystem (PNS) zur Signalerweiterung unterteilt.;Funktionell unterscheider man zwischen dem somatischen (willkürlichen) und dem vegetativen (unwillkürlichen) Nervensystem.;;;;;;;;;;;;;;;;;;;;;;;;;;;;;;;;;;;;;;;;;;;;;;
Heart II;Was ist das vegetative Nervensystem und was ist seine Aufgabe?;autonomes NS;Unwillkürliche Steuerzentrale des Körpers im ZNS und PNS;steuert lebenswichtige Organfunktionen wie Atmung, Kreislauf, Stoffwechsel, Wasserhaushalt etc.;;;;;;;;;;;;;;;;;;;;;;;;;;;;;;;;;;;;;;;;;;;;;
Heart II;Aus welchen drei funktionellen Anteilen besteht das vegetative Nervensystem?;Sympathicus (aktivierend);Parasympathicus (hemmend);Enterisches NS (Darmnervensystem);;;;;;;;;;;;;;;;;;;;;;;;;;;;;;;;;;;;;;;;;;;;;
Heart II;Was gehört zum ZNS?;Gehirn und Rückenmark;;;;;;;;;;;;;;;;;;;;;;;;;;;;;;;;;;;;;;;;;;;;;;;
Heart II;Was gehört zum PNS?;alle Nervenbahnen ausserhalb der Wirbelsäule;;;;;;;;;;;;;;;;;;;;;;;;;;;;;;;;;;;;;;;;;;;;;;;
Heart II;Was ist das Rückenmark?;Teil des zentralen Nervensystems aus dem die Spinalnerven, die Hauptstränge des peripheren Nervensystems verzweigen;;;;;;;;;;;;;;;;;;;;;;;;;;;;;;;;;;;;;;;;;;;;;;;
Heart II;Wie heissen die zum Gehirn zuführenden Nervenbahnen?;afferente Nervenbahnen;;;;;;;;;;;;;;;;;;;;;;;;;;;;;;;;;;;;;;;;;;;;;;;
Heart II;Wie heissen die vom Gehirn wegführenden Nervenbahnen?;efferente Nervenbahnen;;;;;;;;;;;;;;;;;;;;;;;;;;;;;;;;;;;;;;;;;;;;;;;
Heart II;Wie nennt man das Zusammenspiel von zuführenden und wegführenden Impulsen?;Sensomotorik;;;;;;;;;;;;;;;;;;;;;;;;;;;;;;;;;;;;;;;;;;;;;;;
Heart II;Was ist Sensomotorik?;Zusammenspiel von Sinneswahrnehmungen (Sensorik) und Bewegungsabläufen (Motorik) im Körper.;geschlossener Regelkreis, bei dem Reize aufgenommen, im Gehirn verarbeitet und direkt in Muskelaktivität umgesetzt werden.;;;;;;;;;;;;;;;;;;;;;;;;;;;;;;;;;;;;;;;;;;;;;;
Heart II;Wo docken die Synapsen an?;An den Muskelzellen der Muskelfasern;;;;;;;;;;;;;;;;;;;;;;;;;;;;;;;;;;;;;;;;;;;;;;;
Heart II;Was ist eine motorische Einheit?;Eine einzelne Nervenzelle steuert gleichzeitig mehrere Muskelzellen (Fasern);;;;;;;;;;;;;;;;;;;;;;;;;;;;;;;;;;;;;;;;;;;;;;;
Heart II;Was bedeutet 'alles-oder-nichts-Prinzip (motorische Einheit)?;wird eine bestimmte Reizschwelle überschritten, so reagieren alle angesprochenen Zellen gleichzeitig mit Kontraktion über alle Sarkomere;;;;;;;;;;;;;;;;;;;;;;;;;;;;;;;;;;;;;;;;;;;;;;;
Heart II;Welche Aufgaben übernimmt das Grosshirn im ZNS?;Grosshirn ist der Sitz des Bewusstseins;es verarbeitet Sinneseindrücke;steuert Bewegungsabläufe;ist zuständig für bewusste Empfindungen, Handlungen, Wille, Kreativität und Gedächtnis;;;;;;;;;;;;;;;;;;;;;;;;;;;;;;;;;;;;;;;;;;;;
Heart II;Was bedeutet Sensibilität und Tiefensensibilität?;Sensibilität und Tiefensensibilität beschreiben die Fähigkeit Veränderungen in der Umwelt oder im Körperinnern wahrzunehmen.;Diese Sinneswahrnehmungen werden über einzelne Sinneszellen (Rezeptoren) oder dafür zuständige Organe (Bsp. Gleichgewichtsorgan) vermittelt.;;;;;;;;;;;;;;;;;;;;;;;;;;;;;;;;;;;;;;;;;;;;;;
Heart II;Was ist der Sympaticus?;aktiver, leistungsfördernder Teil des vegetativen Nervensystems;;;;;;;;;;;;;;;;;;;;;;;;;;;;;;;;;;;;;;;;;;;;;;;
Heart II;Was ist der Parasympaticus?;hemmender, ruhiger Teil des vegetativen Nervensystems;zuständig für Organfunktionen;ermöglicht Regeneration;;;;;;;;;;;;;;;;;;;;;;;;;;;;;;;;;;;;;;;;;;;;;
Heart II;Unterschiedliche Systeme im Körper benötigen unterschiedlich lange für Trainingsanpassungen. Welches System passt sich zuerst an?;Nervensystem;;;;;;;;;;;;;;;;;;;;;;;;;;;;;;;;;;;;;;;;;;;;;;;
Heart II;Welche Auswirkungen zeigt die Ermüdung im Training?;koordinative Fähigkeiten vermindern sich;Reaktionszeiten verlängern sich;Konzentrationsfähigkeit lässt nach;Lernfähigkeit (motorisch und mental) nimmt ab;Bewegungsabläufe verlangsamen sich;Qualität der Ausführung verschlechtert sich;;;;;;;;;;;;;;;;;;;;;;;;;;;;;;;;;;;;;;;;;;
Heart II;Was sind Hormone?;Biochemische Botenstoffe des Körpers;über die Ausschüttung in die Blutbahn übermitteln sie Informationen an bestimmte Organe oder Gewebe;steuern verschiedene / alle Körpervorgänge;Bsp: Regulation des Blutzuckerspiegels, Menstruationszyklus;;;;;;;;;;;;;;;;;;;;;;;;;;;;;;;;;;;;;;;;;;;;
Heart II;Wie arbeiten Hormone?;Hormone werden als Botenstoffe im Körper verteilt;;;;;;;;;;;;;;;;;;;;;;;;;;;;;;;;;;;;;;;;;;;;;;;
Heart II;Nenne 3  Hormone, ihren Bildungsort und ihre Wirkung;"Adrenalin, gebildet im Nebennierenmark; Stresshormon, Steigerung der Herzfrequenz, Anstieg des Blutdrucks, Erweiterung der Bronchien, schnelle Bereitstellung von Energiereserven durch Fettabbau (Lipolyse), Freisetzung von Glucose";Insulin, gebildet in der Bauchspeicheldrüse, Senkung des Blutzuckerspiegels, Gegenspieler des Glukagons;Glukagon, gebildet in der Bauchspeicheldrüse, Erhöhung des Blutzuckerspiegels, Gegenspieler des Insulins;Leptin, gebildet in den Fettzellen, hemmt das Auftreten von Hungergefühlen und spielt eine wichtige Rolle bei der Regulierung des Fettstoffwechsels;Endorphine, gebildet in der Hypophyse und im Nervensystem, wirken stark schmerzstillend, sind an verschiedenen vegetativen Prozessen beteiligt, u.a. Regulation der Körpertemperatur, Steuerung von Antrieb und Verhalten;Cortison, gebildet in der Nebennierenrinde, Abbau von Eiweissen in der Muskulatur, Abbau von Fett aus den peripheren Fettdepots (Lipolyse), Erhöhung der Glukosekonzentration im Blut, antientzündlicher Effekt bei Verletzungen;Östrogene, gebildet in den Eierstöcken, Oberbegriff für die wichtigsten weiblichen Geschlechtshormone, beeinflussen u.a. Brustentwicklung, monatlichen Zyklus, typisches weibliches Erscheinungsbild in Figur, Haut und Behaarung;Testosteron, gebildet in den Hoden, wichtigstes männliches Geschlechtshormon, Entwicklung der Geschlechtsorgane, Ausbildung der Geschlechtsmerkmale (Behaarung, und Fettverteilungsmuster, tiefe Stimme) und die Samenbildung, erhöht die Muskelmasse und senkt das Cholestrin im Blut;;;;;;;;;;;;;;;;;;;;;;;;;;;;;;;;;;;;;;;;
Heart II;Was ist die Hauptfunktion des Lymphsystems?;Das Lymphsystem hat drei Hauptfunktionen: die Immunabwehr, den Flüssigkeitstransport und den Fetttransport.;Es arbeitet eng mit dem Herz-Kreislauf-System zusammen und ist ein wesentlicher Teil der Körperabwehr.;;;;;;;;;;;;;;;;;;;;;;;;;;;;;;;;;;;;;;;;;;;;;;
Heart II;Was wird durch das Lymphgefässsystem transportiert?;Plasmaprotein;gelöste Salze;Bakterien;Zelltrümmer;Fette aus dem Dünndarm;;;;;;;;;;;;;;;;;;;;;;;;;;;;;;;;;;;;;;;;;;;
Heart II;Was sind Lymphknoten?;Zwischenstationen im Lymphgefässsystem;dienen der Bekämpfung von Erregern (Ansammlung weisser Blutkörperchen);sind eigentliche Entgiftungsstationen;;;;;;;;;;;;;;;;;;;;;;;;;;;;;;;;;;;;;;;;;;;;;
Heart II;Nenne die Aufgaben des Blutes;Transport vieler Stoffe - Sauerstoff, Kohlendioxyd, Nährstoffe, Stoffwechselprodukte, Vitamine, Blutsalze;Regulation der Körpertemperatur (Heizung / Kühlung);Signalübermittlung durch Hormone;Pufferung gegen Übersäuerung;Abwehr körperfremder Stoffe;;;;;;;;;;;;;;;;;;;;;;;;;;;;;;;;;;;;;;;;;;;
Heart II;Was ist Hämoglobin?;roter Blutfarbstoff, welcher Sauerstoff an sich bindet;;;;;;;;;;;;;;;;;;;;;;;;;;;;;;;;;;;;;;;;;;;;;;;
Heart II;Was sind Erythrozyten und was ist ihre Hauptaufgabe?;rote Blutkörperchen, 'Transportbehälter' für Hämoglobin;Transport von Sauerstoff und Kohlendioxyd zwischen Lunge und Gewebe, wozu der rote Blutfarbstoff (Hämoglobin) dient;;;;;;;;;;;;;;;;;;;;;;;;;;;;;;;;;;;;;;;;;;;;;;
Heart II;Welche Blutdruckwerte werden als 'normal' bezeichnet?;oberer Wert (systolischer Wert) 120 mm HG;unterer Wert (diastolischer Wert) 80 mm HG;;;;;;;;;;;;;;;;;;;;;;;;;;;;;;;;;;;;;;;;;;;;;;
Heart II;Inwiefern wirkt das Blut limitierend auf die Ausdauerleistungsfähigkeit?;Im Blut wird der Sauerstoff durch die roten Blutkörperchen (Erythorzyten) an seine Bestimmungsorte gebracht, Bsp. Muskulatur.;Dabei heftet sich der Sauerstoff zum Transport an den roten Blutfarbstoff (Hämoglobin).;Je höher nun die Anzahl der roten Blutkörperchen desto besser ist die Sauerstoffversorgung im Muskel.;;;;;;;;;;;;;;;;;;;;;;;;;;;;;;;;;;;;;;;;;;;;;
Heart II;Nenne die Hauptaufgaben des Herzkreislaufsystems;Transport von Nährstoffen und Sauerstoff;;;;;;;;;;;;;;;;;;;;;;;;;;;;;;;;;;;;;;;;;;;;;;;
Heart II;Beschreibe den Aufbau des Herzens;Aufbau in rechte und linke Hälfte jeweils mit Vorhof (Atrium) und Kammer (Ventrikel);Segelklappen (zwischen Vorhof und Herzkammer);Taschenklappen (zwischen Herzkammer und grossen Gefässen, verhindern den Blutrückfluss);Herzscheidewand (Septum);;;;;;;;;;;;;;;;;;;;;;;;;;;;;;;;;;;;;;;;;;;;
Heart II;Aus welchen Schichten ist das Herz aufgebaut?;Herzinnenhaut (Endocard);Herzmuskel (Myocard);Herzaussenschicht (Epicard);Herzbeutel (Pericard);;;;;;;;;;;;;;;;;;;;;;;;;;;;;;;;;;;;;;;;;;;;
Heart II;Wie wird das Herz gesteuert?;eigenes Reizleitungssystem;über Sinusknoten als Impulsgeber;AV-Knoten übernimmt Aufgabe falls Sinusknoten ausfällt;Hissche Bündel, Tawaraschenkel, Purkinjesche Fasern;Alle Muskelfasern kontrahieren durch einen Nervenreiz (alles oder nichts);;;;;;;;;;;;;;;;;;;;;;;;;;;;;;;;;;;;;;;;;;;
Heart II;Was ist die Systole?;Phase, in der sich das Herz zusammenzieht.;dabei wird das Blut in die Aorta gedrückt;Aorta bläst sich elastisch auf (Windkesselfunktion) und erlaubt so ein relativ gleichmässiges Fliessen des Blutes;Blut strömt weiter in Arterien, Arteriolen, Kapillaren und dann weiters ins venöse System;Der Druck in den grossen Arterien nennt man systolischer Wert.;;;;;;;;;;;;;;;;;;;;;;;;;;;;;;;;;;;;;;;;;;;
Heart II;Was ist die Diastole?;Phase, in der sich das Herz wieder ausdehnt.;Blut wird nun aus den Vorhöfen und der Lunge gesaugt;eine Klappe verhindert den Blutrückfluss in die Aorta;Die elastische Aorta zieht sich wieder zusammen, sie wirkt wie ein Druckvorratsbehälter.;Der Druck in den Arterien bleibt positiv, das Blut strömt weiter, allerdings nimmt der Druck ab;Der tiefste Wert nennt man diastolischer Wert;;;;;;;;;;;;;;;;;;;;;;;;;;;;;;;;;;;;;;;;;;
Heart II;Wie gross ist das Blutvolumen bei untrainierten und trainierten Menschen?;untrainiert: 5-6 Liter;hochtrainiert: 7-8 Liter;;;;;;;;;;;;;;;;;;;;;;;;;;;;;;;;;;;;;;;;;;;;;;
Heart II;Wie gross ist das Herzvolumen bei untrainierten und trainierten Menschen?;untrainiert: 500 ml;gut trainierte Ausdauerathleten: 1100ml;;;;;;;;;;;;;;;;;;;;;;;;;;;;;;;;;;;;;;;;;;;;;;
Heart II;Warum ist das Herzvolumen ein einschränkender Faktor für Ausdauerleistungsfähigkeit?;Herzvolumen einer untrainierten Person (500 ml) ist im Vergleich mit gut trainierten Ausdauerathleten (bis zu 1100 ml) kleiner und kann dementsprechend unter Belastung weniger ökonomisch arbeiten;;;;;;;;;;;;;;;;;;;;;;;;;;;;;;;;;;;;;;;;;;;;;;;
Heart II;Inwiefern wirkt der Kapillarisierungsgrad limitierend auf die Ausdauerleistungsfähigkeit?;Innerhalb des Muskels werden Sauerstoff und Nährstoffe bis in die kleinsten Blutgefässe (Kapillaren) geleitet und von dort in die Zellen aufgeommen.;Durch (Kraft-) Ausdauertraining kann die Kapillardichte im Muskel erhöht werden, was zu einer höheren Sauerstoffaufnahmefähigkeit und effizienterem Stoffaustausch führt.;;;;;;;;;;;;;;;;;;;;;;;;;;;;;;;;;;;;;;;;;;;;;;
Heart II;Nenne die  üblichen Herzfrequenzformeln;220 minus Lebensalter = maximale Herzfrequenz (max HF);Trainingsherzfrequenz = 180 minus Lebensalter (Hollmann);165 minus halbes Lebensalter +/-5 Pulsschläge für alle stehenden Ausdauerleistungen;160minus halbes Lebensalter +/-5 Pulsschläge für alle sitzenden Ausdauerleistungen;maximale Herzfrequenz minus Ruheherzfrequenz, multipliziert mit dem Intensitätsgrenzwert in Prozent;Ruheherzfrequenz (Karvonen);;;;;;;;;;;;;;;;;;;;;;;;;;;;;;;;;;;;;;;;;;
Heart II;Warum sind Krampfadern ein Problem? ;Wasseransammlungen;Erhöhter Gewebedruck;Schädigung der Venen und der Venenpumpe;Durchblutungsstörungen;Unterversorgung des Gewebes mit Sauerstoff und Nährstoffen;;;;;;;;;;;;;;;;;;;;;;;;;;;;;;;;;;;;;;;;;;;
Heart II;Was ist Arteriosklerose?;= Arterienverkalkung;krankhafte Veränderung der Arterien;entzündliche Prozesse beschädigen die Innenschicht der Arterien;Arterienwände verlieren ihre Elastizität und verdicken sich;Einlagerungen von LDL-Cholestrin (ein Blutfett) und Kalzium bilden Kissen, so genannte Plaques und verengen die Strombahn des Blutes;;;;;;;;;;;;;;;;;;;;;;;;;;;;;;;;;;;;;;;;;;;
Heart II;Nenne die Risikofaktoren für Entstehung von Arteriosklerose;Rauchen;Zuckerkrankheit (Diabetes mellitus);erhöhter Blutdruck (Hypertonie);erhöhtes Cholestrin;Übergewicht;Stress;Bewegungsmangel;Metabolisches Syndrom;chronische Entzündungen oder Infektionen;;;;;;;;;;;;;;;;;;;;;;;;;;;;;;;;;;;;;;;
Heart II;Nenne Herzkreislauf-Erkrankungen als Folge von Ernährungsfehlern;Angina Pectoris;Arteriosklerose;Herzinfarkt;;;;;;;;;;;;;;;;;;;;;;;;;;;;;;;;;;;;;;;;;;;;;
Heart II;Ursachen von Herkreislauf Erkrankungen;Tabakkonsum;Alkoholmissbrauch;Fehlernährung (zu viel Salz, Fett, zu wenig Gemüse, Früchte);;;;;;;;;;;;;;;;;;;;;;;;;;;;;;;;;;;;;;;;;;;;;
Heart II;Wie kommt es zu Herzinfarkt?;Wenn Durchblutung von Teilen der Herzkranzgefässe auf Grund von Ablagerungen nicht mehr ausreicht oder komplett unterbrochen wird, stirbt Herzmuskelgewebe ab;;;;;;;;;;;;;;;;;;;;;;;;;;;;;;;;;;;;;;;;;;;;;;;
Heart II;Wie erkennst du einen Schlaganfall?;FAST;Face (Gesichtslähmung);Arm (eine Seite kann nicht mehr oder nicht merh richtig bewegt werden);Speech (undeutliche Sprache);Time (jede Minute zählt);;;;;;;;;;;;;;;;;;;;;;;;;;;;;;;;;;;;;;;;;;;
Heart II;Was ist Hypertonie?;Bluthochdruck;;;;;;;;;;;;;;;;;;;;;;;;;;;;;;;;;;;;;;;;;;;;;;;
Heart II;Ab welchem Wert spricht man von Bluthochdruck?;ab 140 zu 90;;;;;;;;;;;;;;;;;;;;;;;;;;;;;;;;;;;;;;;;;;;;;;;
Heart II;Nenne Risikofaktoren für Hypertonie (Bluthochdruck);Rauchen;Diabetes mellitus;erhöhtes Cholestrin;Übergewicht;Gene;zu viel Salz;Bewegungsmangel;zu wenig Kalcium;zu viel Alkohol;Alter;;;;;;;;;;;;;;;;;;;;;;;;;;;;;;;;;;;;;;
Heart II;Welche Symptome können sich bei Herzinfarkt zeigen?;heftiger, beengender Druck in der Brustmitte von mind. 15 Minuten;oft ausstrahlend in Schulter und Arme (meistens links), zum Hals, Unterkiefer oder Oberbauch;Übelkeit, Schwäche, Schwitzen, evt. blasse kalte Haut, Angstgefühl, Atemnot;Bei Frauen, Diabetikern und älteren Personen können folgende Symptome als alleinige Warnsignale auftreten: Atemnot, unerklärliche Übelkeit und Erbrechen, Druck in der Brust, im Bereich Rücken oder Bauch;;;;;;;;;;;;;;;;;;;;;;;;;;;;;;;;;;;;;;;;;;;;
Heart II;Was ist das Atmungssystem?;"Atmen = Gasaustausch, auch genannt 'Äussere Atmung'; ist die Voraussetzung für die Innere Atmung";Lunge als zentrales Organ im Mittelpunkt;Lunge hat die Funktion Sauerstoff aus der Luft aufzunehmen und Kohlendioxid als Stoffwechselendprodukt abzutransportieren;Innere Atmung' = innerhalb der Zelle ablaufende Vorgänge der Energiebereitstellung. Hierbei wird Sauerstoff verbraucht.;;;;;;;;;;;;;;;;;;;;;;;;;;;;;;;;;;;;;;;;;;;;
Heart II;Benenne die 8 Komponenten des Atemwegs;Nasen-, Mundhöhle;Rachen (Kehlkopf);Luftröhre;Lungen;Bronchien;Bronchiolen;Alveolen;Kapillaren;;;;;;;;;;;;;;;;;;;;;;;;;;;;;;;;;;;;;;;;
Heart II;Was sind Alveolen?;Lungenbläschen;;;;;;;;;;;;;;;;;;;;;;;;;;;;;;;;;;;;;;;;;;;;;;;
Heart II;Wie wird die Atmung gesteuert?;durch das zentrale Nervensystem (Gehirn & Rückenmark);;;;;;;;;;;;;;;;;;;;;;;;;;;;;;;;;;;;;;;;;;;;;;;
Heart II;Nenne weitere Funktionen der Atemwege (neben Gasaustausch);aufwärmen der Atemluft auf ca. 37 Grad;Luftbefeuchtung;Luftreinigung (Nasenhäärchen, Flimmerepithel, Häärchen in den Bronchien;;;;;;;;;;;;;;;;;;;;;;;;;;;;;;;;;;;;;;;;;;;;;
Heart II;Wovon ist der Gasaustausch abhängig?;von der Konzentrationsdifferenz zwischen Alveolen und Blut (O2 & CO2);zu schneller Herzschlag und Blutrückfluss stört den Prozess, zu kurze Zeit für Diffusion;;;;;;;;;;;;;;;;;;;;;;;;;;;;;;;;;;;;;;;;;;;;;;
Heart II;Wie funktioniert der Gastransport in die Muskelzelle?;Atemmechanik;Ventilation = O2 Transport zu den Alveolen (Atmungsmuskeleinsatz);O2 tritt durch Alveolarwände (thermisch bedingte Eigenbewegung) in die Blutgefässe der Lunge;O2 an Hämoglobin der roten Blutkörperchen gebunden;Transport über das HKL System in die Organe und Gewebe (Muskulatur) in die Kapillaren;durch 'Pump' der Muskulatur und Eigenbewegung in die Zelle und in die Mitochondrien;;;;;;;;;;;;;;;;;;;;;;;;;;;;;;;;;;;;;;;;;;
Heart II;Was ist das Inspiratorische Reservevolumen?;Atmungsvolumen der max. Einatmung minus das Ruheatemzugsvolumen;;;;;;;;;;;;;;;;;;;;;;;;;;;;;;;;;;;;;;;;;;;;;;;
Heart II;Was ist das Exspiratorische Reservevolumen?;Atmungsvolumen der max. Ausatmung minus das Ruheatemzugsvolumen;;;;;;;;;;;;;;;;;;;;;;;;;;;;;;;;;;;;;;;;;;;;;;;
Heart II;Was ist Residualvolumen?;Luft welche immer in den Atemwegen bleibt, auch nach max. Ausatmung;Totalkapazität minus Vitalkapazität;;;;;;;;;;;;;;;;;;;;;;;;;;;;;;;;;;;;;;;;;;;;;;
Heart II;Was ist Vitalkapazität?;Inspiratorische Reservevolumen plus expiratorische Reservevolumen plus Ruheatemzugsvolumen;Totalkapazität minus Residualvolumen;;;;;;;;;;;;;;;;;;;;;;;;;;;;;;;;;;;;;;;;;;;;;;
Heart II;Woraus besteht Atemluft (Einatmung)?;Stickstoff (N)79%;Sauerstoff (O) 20%;Kohlendioxid (CO2) 0.03%;Edelgase 1%;;;;;;;;;;;;;;;;;;;;;;;;;;;;;;;;;;;;;;;;;;;;
Heart II;Wie hoch ist die durchschnittliche Atemfrequenz in Ruhe und unter Belastung pro Minute?;Ruhe 12 - 16 / min;Belastung 40 - 50 / min;;;;;;;;;;;;;;;;;;;;;;;;;;;;;;;;;;;;;;;;;;;;;;
Heart II;Wie hoch ist das durchschnittliche Atemzugsvolumen in Ruhe und unter Belastung pro Minute?;Ruhe 0.5 l / min;Belastung 2.5 l / min;;;;;;;;;;;;;;;;;;;;;;;;;;;;;;;;;;;;;;;;;;;;;;
Heart II;Wie hoch ist das durchschnittliche Atemminutenvolumen in Ruhe und unter Belastung pro Minute?;Ruhe 6 - 8 l / min;Belastung 100 - 125 l / min;;;;;;;;;;;;;;;;;;;;;;;;;;;;;;;;;;;;;;;;;;;;;;
Heart II;Wie gross ist die maximale Sauerstoffaufnahmefähigkeit eines Menschen?;VO2max ist mind. zur Hälfte genetisch vorgegeben und individuell verschieden;;;;;;;;;;;;;;;;;;;;;;;;;;;;;;;;;;;;;;;;;;;;;;;
Heart II;Wie gross ist die durchschnittliche VO2max bei untrainierten Menschen?;Frauen 32 - 38 ml / kg KG / min;Männer 35 - 45 ml / kg KG / min;Spitzensportler im Ausdauerbereich 70 - 90 ml / kg KG / min;;;;;;;;;;;;;;;;;;;;;;;;;;;;;;;;;;;;;;;;;;;;;
Heart II;Welche Faktoren wirken limitierend auf die VO2max?;Herzminutenvolumen = Schlagvolumen x Herzfrequenz (normal ca. 4000);Sauerstoffnutzung in der Muskulatur (abhängig von Muskelfaserzusammensetzung, Mitochondrienvolumen, Kapillarisierung);Sauerstofftransportkapazität des Blutes;Lungenventilation;Diffusionskapazität der Lunge;;;;;;;;;;;;;;;;;;;;;;;;;;;;;;;;;;;;;;;;;;;
Heart II;Wie kommt es zur Einatmung?;Das Brustkorbinnere vergrössert sich durch die Kontraktion des Zwerchfells.;Es entsteht Unterdruck in der Lunge.;Luft wird eingesaugt (Brust- und Bauchatmung).;Die Fasern in welchen die Alveolen eingelagert sind weiten sich.;;;;;;;;;;;;;;;;;;;;;;;;;;;;;;;;;;;;;;;;;;;;
Heart II;Welchen Einfluss hat Training längerfristig auf die Atmung?;Alveolen entfallten sich mehr und schneller (Diffusionsfläche nimmt zu);vertiefte Ventilation (mehr CO2 reiche Luft in den Alveolen, Diffusionsprozess wird effizienter);verbesserte Umsetzung von O2 in der Muskulatur (weinger O2 im rückfliessenden Blut, begünstigte Diffusion);tieferer Herzschlag stellt Verweilzeit des Blutes an den Alveolenwänden sicher (begünstigte Diffusion);verbessertes Herzminutenvolumen (untrainierte 20 Liter, trainierte 35 Liter, Lungengefässsystem passt sich an, mehr Kontaktfläche zwischen Blut und Alveolen);;;;;;;;;;;;;;;;;;;;;;;;;;;;;;;;;;;;;;;;;;;
Heart II;Inwiefern wirkt das Atmungssystem limitierend auf die Ausdauerleistungsfähigkeit?;Über die Atmung gelangt der Sauerstoff in die Lunge und in die verzweigten Bronchien, wo er durch die Lungenbläschen (Alveolen) in den Blutkreislauf gelangt. ;Eine ineffiziente Atemtechnik oder ein vermindertes Lungenvolumen kann somit eine relevante Behinderung für Ausdauerleistungsvermögen darstellen.;;;;;;;;;;;;;;;;;;;;;;;;;;;;;;;;;;;;;;;;;;;;;;
Heart II;Welchen Einflüssen unterliegt die Atmung?;Willkürliche Steuerung;Emotionen (Stress, Trauer, Angst…);Muskelaktivität (Rezeptoren, Bewegung aktiviert Atmung);CO2 Konzentration im Blut (mehr CO2 beschleunigt und vertieft die Atmung;O2 Konzentration im Blut;Hautrezeptoren (Kälte, Schmerz);Dehnungsrezeptoren in der Lunge (leiten Expiration  und Inspiration ein);Gelenkrezeptoren (Bewegung aktiviert Atmung);;;;;;;;;;;;;;;;;;;;;;;;;;;;;;;;;;;;;;;;
Heart II;Welche Gesundheits-Effekte kann ein regelmässiges Ausdauertraining bewirken?;Verringerung der Systemlimiten;erhöhte physische Belastbarkeit (Einfluss auf andere Konditionsfaktoren);bessere Regenerationsfähigkeit, schnellere Erholung;Prävention im Hinblick auf das Herz-Kreislaufsystem;Reduzierung der Risikofaktoren Herz-Kreislauf-Erkrankungen (Bluthochdruck, Blutfettwerte);Reduktion des Körperfettanteils (speziell in Kombination mit Krafttraining und Ernährungsumstellung);Erhöhte psychische Belastbarkeit (Stressresistenz, Ermüdungswiderstandsfähigkeit);Bewegung, Spass, Abwechslung (soziale Komponenten);verbessertes Wohlbefinden (Bsp. Schlafqualität, Eigenwahrnehmung);;;;;;;;;;;;;;;;;;;;;;;;;;;;;;;;;;;;;;;
Heart II;Von welchem limitierenden System resp. Faktoren ist Ausdauerleistungsfähigkeit abhängig?;Herz-Kreislaufsystem;Sauerstoffaufnahmefähigkeit (Lungensystem);Transportkapazität des Blutes;Kapillarisierung (Beschaffenheit der Skelettmuskulatur);Energiespeicher;Nervensystem;;;;;;;;;;;;;;;;;;;;;;;;;;;;;;;;;;;;;;;;;;
Heart II;Nenne möglich Symptome von Asthma;anhaltender trockener Husten;evt. Auswurf von zähem Schleim;Atemnot;pfeifende, keuchende Geräusche beim Ausatmen;Kurzatmigkeit oder Engegefühle auf der Brust;;;;;;;;;;;;;;;;;;;;;;;;;;;;;;;;;;;;;;;;;;;
Heart II;Worauf solltest du als TrainerIn achten, wenn ein Kunde mit Asthma bei dir trainiert?;abklären, um welche Form / Intensität es sich handelt;Spray gehört auf die Trainingsfläche;;;;;;;;;;;;;;;;;;;;;;;;;;;;;;;;;;;;;;;;;;;;;;
Heart II;Nenne Unterschied Asthmaauslöser und Asthmatrigger;Das Erstere ist ein 'Auslöser', der Trigger ist ein 'Verschlimmerer';;;;;;;;;;;;;;;;;;;;;;;;;;;;;;;;;;;;;;;;;;;;;;;
Heart II;Dürfen Personen mit Asthma Ausdauersport machen?;Ja, im moderaten Bereich, Spray muss immer dabei sein;;;;;;;;;;;;;;;;;;;;;;;;;;;;;;;;;;;;;;;;;;;;;;;
Heart II;Welche Arten des Stoffwechsels können unterschieden werden?;Baustoffwechsel und Betriebstoffwechsel;;;;;;;;;;;;;;;;;;;;;;;;;;;;;;;;;;;;;;;;;;;;;;;
Heart II;Welche Energiespeicher stehen im Körper für den Betriebstoffwechsel zur Verfügung?;ATP;Kreatinphosphat;Kohlenhydrat;Fett;Protein (im Notfall);;;;;;;;;;;;;;;;;;;;;;;;;;;;;;;;;;;;;;;;;;;
Heart II;Welche Arten der Energiebereitstellung können unterschieden werden?;aerobe und anaerobe Energiebereitstellung;;;;;;;;;;;;;;;;;;;;;;;;;;;;;;;;;;;;;;;;;;;;;;;
Heart II;Welche Prozesse laufen bei der Energiebereitstellung parallel ab?;ATP (1 -2 s), anaerob;Kreatinphosphat (8 -20 s), anaerob;Glukose (30 - 90 s, Laktatanhäufung), anaerob;Glukose & O2 (30 - 90 min), aerob;Fett, aerob;;;;;;;;;;;;;;;;;;;;;;;;;;;;;;;;;;;;;;;;;;;
Heart II;Was ist die aerobe Lipolyse?;Aerobe Energiebereitstellung mit O2 und Fettsäuren;;;;;;;;;;;;;;;;;;;;;;;;;;;;;;;;;;;;;;;;;;;;;;;
Heart II;Was ist die anaerobe Glykolyse?;Anaerobe Energiebereitstellung ohne O2 und mit Kohlenhydraten;;;;;;;;;;;;;;;;;;;;;;;;;;;;;;;;;;;;;;;;;;;;;;;
Heart II;Wo findet die aerobe Energiebereitstellung statt?;im Zellplasma;;;;;;;;;;;;;;;;;;;;;;;;;;;;;;;;;;;;;;;;;;;;;;;
Heart II;Wo findet die anaerobe Energiebereitstellung statt?;in den Mitochondrien;;;;;;;;;;;;;;;;;;;;;;;;;;;;;;;;;;;;;;;;;;;;;;;
Ernährung;Was empfiehlt die Schweizerische Gesellschaft für Ernährung bzgl. Aufbau der Ernährungspyramide (von unten nach oben)?;Flüssigkeit (Wasser);Gemüse und Obst;Kohlenhydrate;Protein;Fett;;;;;;;;;;;;;;;;;;;;;;;;;;;;;;;;;;;;;;;;;;;
Ernährung;Auf welchen 3 Säulen beruht die Gesundheit?;Ernährung ;Bewegung;Erholung;;;;;;;;;;;;;;;;;;;;;;;;;;;;;;;;;;;;;;;;;;;;;
Ernährung;Was können Folgen von Übergewicht sein?;Diabetes mellitus Typ 2;Herz-Kreislauf-Erkrankungen;psychische Erkrankungen;orthopädische Probleme;hormonelle Störungen;verfrühter Tod;;;;;;;;;;;;;;;;;;;;;;;;;;;;;;;;;;;;;;;;;;
Ernährung;Welche Ernährungsformen kennst du und wie lautet die Grundregel für diese?;Mischkost - alle Lebensmittel;Vollwertkost - wenig verarbeitete, regionale Lebensmittel;Pescetarisch - Fisch, Meeresfrüchte, sonst vegetarisch;Paleo - Fisch, Fleisch, Gemüse, Eier, kein Getreide, keine Milch;Vegetarisch - kein Fleisch, kein Fisch;Vegan - absolut keine tierischen Produkte;Frutarisch - Fallobst, Nüsse, Samen;Rohkost - vegetarisch, nur roh;;;;;;;;;;;;;;;;;;;;;;;;;;;;;;;;;;;;;;;;
Ernährung;Welche Nährstoffe zählen zu den Baustoffen des Menschen?;Proteine und Mineralstoffe;;;;;;;;;;;;;;;;;;;;;;;;;;;;;;;;;;;;;;;;;;;;;;;
Ernährung;Wieviel Energie liefern die Nährstoffe Fett, Protein, Kohlenhydrate in kcal und kJ?;Fett 9 kcal / 39 kJ;Kohlenhydrate 4 kcal / 17 kJ;Protein 4 kcal / 17 kJ;;;;;;;;;;;;;;;;;;;;;;;;;;;;;;;;;;;;;;;;;;;;;
Ernährung;Wie bestimmt man den Grundumsatz eines Mannes / einer Frau?;Mann: 24 mal Körpergewicht in kg;24 mal Körpergewicht in kg mal 0.9;;;;;;;;;;;;;;;;;;;;;;;;;;;;;;;;;;;;;;;;;;;;;;
Ernährung;Von welchen 7 Faktoren hängt der Gesamtenergieumsatz des Menschen ab?;Geschlecht;Alter;Gewicht;Muskelmasse;Aktivität;Genetik;Klima;;;;;;;;;;;;;;;;;;;;;;;;;;;;;;;;;;;;;;;;;
Ernährung;Wie errechnet man den BMI?;Körpergewicht in kg geteilt durch Grösse in m2;;;;;;;;;;;;;;;;;;;;;;;;;;;;;;;;;;;;;;;;;;;;;;;
Ernährung;Wie lautet die Grundempfehlung der prozentualen Verteilung der Nährstoffe für den Gesamtenergiebedarf?;50 - 55% Kohlenhydrate;15 - 20% Protein;25 - 30% Fett;;;;;;;;;;;;;;;;;;;;;;;;;;;;;;;;;;;;;;;;;;;;;
Ernährung;Wie lautet die chemische Strukturformel für Einfachzucker?;C6 H12 O6;;;;;;;;;;;;;;;;;;;;;;;;;;;;;;;;;;;;;;;;;;;;;;;
Ernährung;Wie viele Stück Würfelzucker sind ca. in einem Liter Softgetränk (Limo, Cola, Nektar etc.)?;ca. 40 Stück;;;;;;;;;;;;;;;;;;;;;;;;;;;;;;;;;;;;;;;;;;;;;;;
Ernährung;Wie lautet die Empfehlung für die tägliche Menge an Ballaststoffen?;mind. 30 g / Tag;;;;;;;;;;;;;;;;;;;;;;;;;;;;;;;;;;;;;;;;;;;;;;;
Ernährung;Ab welchem Blutzuckerwert (nüchtern gemessen) ist der Blutzucker zu hoch?;grösser als 126 mg / dl;;;;;;;;;;;;;;;;;;;;;;;;;;;;;;;;;;;;;;;;;;;;;;;
Ernährung;Wie lautet der chemische Aufbau eines Fettmoleküls?;1 Teil Glycerin und 3 Teile Fettsäuren;;;;;;;;;;;;;;;;;;;;;;;;;;;;;;;;;;;;;;;;;;;;;;;
Ernährung;Welche Fettsäuren sind für die Ernährung empfehlenswert und welche Lebensmittel kann man hier empfehlen?;Omega 3 in fettem Fisch, Algen, Leinöl, Wallnussöl;Omega 9 in Olivenöl;;;;;;;;;;;;;;;;;;;;;;;;;;;;;;;;;;;;;;;;;;;;;;
Ernährung;Welche Fettsäuren sollen gemieden werden? In welchen Lebensmittel findet man diese vermehrt?;Omega 6,  weniger empfehlenswert, da es insgesamt zuviel in den Lebensmitteln vorkommt;gesättigte Fettsäuren in allen tierischen Lebensmitteln;Transfette in industriell gefertigten und in frittierten Lebensmitteln;;;;;;;;;;;;;;;;;;;;;;;;;;;;;;;;;;;;;;;;;;;;;
Ernährung;Nenne die chemischen Aufbaustufen eines Proteins;Aminosäure;Dipeptid;Tripeptid;Oligopeptid;Polypeptid;Protein;;;;;;;;;;;;;;;;;;;;;;;;;;;;;;;;;;;;;;;;;;
Ernährung;Welche Lebensmittel-Kombination hat die höchste biologische Wertigkeit?;Kartoffel mit Ei;;;;;;;;;;;;;;;;;;;;;;;;;;;;;;;;;;;;;;;;;;;;;;;
Ernährung;Was bedeutet biologische Wertigkeit?;Das Mass, wie effizient Nahrungsprotein in körpereigenes Protein umgewandelt werden kann.;Je höher die biologische Wertigkeit (Wert), desto besser kann der Körper das Eiweiss für Muskeln, Enzyme und Hormone nutzen.;;;;;;;;;;;;;;;;;;;;;;;;;;;;;;;;;;;;;;;;;;;;;;
Ernährung;Wie hoch ist die Tagesempfehlung für die Flüssigkeitszufuhr?;1 ml / kcal Energiebedarf;;;;;;;;;;;;;;;;;;;;;;;;;;;;;;;;;;;;;;;;;;;;;;;
Ernährung;Wo ist der Wassergehalt im Körper am höchsten?;im Blut;;;;;;;;;;;;;;;;;;;;;;;;;;;;;;;;;;;;;;;;;;;;;;;
Ernährung;In welche Gruppen werden Vitamine eingeteilt?;fettlösliche Vitamine;wasserlösliche Vitamine;;;;;;;;;;;;;;;;;;;;;;;;;;;;;;;;;;;;;;;;;;;;;;
Ernährung;Nenne 6 Minerastoffe;Calcium;Magnesium;Phosphor;Natrium;Chlor;Kalium;;;;;;;;;;;;;;;;;;;;;;;;;;;;;;;;;;;;;;;;;;
Ernährung;Nenne 6 (von 10) Spurenelemente;Eisen;Jod;Zink;Fluor;Mangan;Kupfer;Selen;Chrom;Cobalt;Molybdän;;;;;;;;;;;;;;;;;;;;;;;;;;;;;;;;;;;;;;
Ernährung;Nenne die Ernährungsregeln für gesunde Ernährung;1. Gemüse, Salat, Obst;2. Wasser als Getränk;3. pflanzliches und tierisches Protein mischen;4. vollwertige Lebensmittel;5. wenig Zucker;6. wenig bis selten industriell erzeugte Lebensmittel;Omega 3 und Omega 9 haltige Öle;mehr pflanzliche als tierische Lebensmittel;;;;;;;;;;;;;;;;;;;;;;;;;;;;;;;;;;;;;;;;
Ernährung;Welche Arbeitsmittel stehen dem Ernährungstrainer zur Verfügung?;Blutzuckermessinstrument;Blutdruckmessinstrument;Kaliperzange;Massband;Wertungstabellen;Nährwerttabellen;Energie-Berechnungs-App;;;;;;;;;;;;;;;;;;;;;;;;;;;;;;;;;;;;;;;;;
Ernährung;Welche Aufgaben (6) hat ein Ernährungstrainer?;Beratungsgespräch;Anamnese;Testungen;Ernährungs-Regeln;Begleitung;Kontrolle;;;;;;;;;;;;;;;;;;;;;;;;;;;;;;;;;;;;;;;;;;
Ernährung;Was erfragt der Ernährungstrainer beim Erstkontakt?;Wunsch & Ziel;Mahlzeiten des Vortags;Ernährungsgewohnheiten;Berufs- und Bewegungsprofil;;;;;;;;;;;;;;;;;;;;;;;;;;;;;;;;;;;;;;;;;;;;
Ernährung;Wie heissen die verschiedenen Kohlenhydrate (beide Bezeichnungen) der Gruppen?;a. Monosaccharide: 1. Glucose (Traubenzucker) 2. Fructose (Fruchtzucker) 3. Galactose (Schleimzucker);b. Disaccharide: 1. Maltose (Malzzucker) 2. Saccharose (Zucker) 3. Lactose (Milchzucker;c. Oligosaccharide: Mehrfachzucker;d. Polysaccharide: Vielfachzucker;;;;;;;;;;;;;;;;;;;;;;;;;;;;;;;;;;;;;;;;;;;;
Ernährung;Aus wievielen Monosacchariden setzen sich die Kohlenhydrate zusammen?;a. Monosaccharide: eins;b. Disaccharide: zwei;c. Oligosaccharide: drei bis 10;d. Polysaccharide: mehr als zehn;;;;;;;;;;;;;;;;;;;;;;;;;;;;;;;;;;;;;;;;;;;;
Ernährung;Wie werden Pflanzenfasern unterschieden?;wasserlösliche Ballaststoffe;wasserunlösliche Ballaststoffe;;;;;;;;;;;;;;;;;;;;;;;;;;;;;;;;;;;;;;;;;;;;;;
Ernährung;Wieviel Muskelglykogen speichert ein untrainierter Mensch?;ca. 300 g;;;;;;;;;;;;;;;;;;;;;;;;;;;;;;;;;;;;;;;;;;;;;;;
Ernährung;Wiviel Glykogen speichert die Leber?;Leberglykogen ca. 100 g;;;;;;;;;;;;;;;;;;;;;;;;;;;;;;;;;;;;;;;;;;;;;;;
Ernährung;Erkläre die Glykolyse;zentraler Abbau von Glukose (Traubenzucker) zur Energiegewinnung;Der Prozess findet im Zytoplasma fast aller lebenden Zellen statt und läuft komplett ohne Sauerstoff (anaerob) ab.;Aus einem Molekül Glukose (C6) entstehen zwei Moleküle Pyruvat (C3). Dabei gewinnt die Zelle direkt nutzbare Energie: + 2 ATP (Energie für die Zelle) und + 2 NADH (Elektronenträger für die spätere Atmungskette).;;;;;;;;;;;;;;;;;;;;;;;;;;;;;;;;;;;;;;;;;;;;;
Ernährung;Erkläre die Glykoneogenese;Neubildung von Glukose aus Nicht-Kohlenhydraten, findet hauptsächlich in der Leber statt, zu kleinem Teil in den Nieren;Der Körper nutzt verschiedene Bausteine, wenn die Kohlenhydratspeicher leer sind: Lactat (aus dem Muskelstoffwechsel), Glucogene Aminosäuren (aus dem Abbau von Proteinen), Glycerin (aus dem Abbau von Fetten).;Ist fast die exakte Umkehrung der Glykolyse mit Hilfe von Enzymen. Hoher Energieaufwand für den Körper, wird streng reguliert durch Hormone, um den Blutzuckerspiegel stabil zu halten.;;;;;;;;;;;;;;;;;;;;;;;;;;;;;;;;;;;;;;;;;;;;;
Ernährung;Was bedeutet Carboloading?;vermehrtes Auffüllen des Muskelglykogenspeichers;;;;;;;;;;;;;;;;;;;;;;;;;;;;;;;;;;;;;;;;;;;;;;;
Ernährung;Wie hoch sollte die Kohlenhydratzufuhr bei Carboloading sein?;ca. 70%;;;;;;;;;;;;;;;;;;;;;;;;;;;;;;;;;;;;;;;;;;;;;;;
Ernährung;Welche Nährstoff-Kombination ist bei Carboloading ideal?;leicht vedauliche Kohlenhydrate, Kombination mit Protein, Chrom, Kalium;;;;;;;;;;;;;;;;;;;;;;;;;;;;;;;;;;;;;;;;;;;;;;;
Ernährung;Warum spricht man von leeren Kohlenhydraten?;enthalten keine Vitamine, Minerlastoffe, Spurenelemente, Ballaststoffe, sekundäre Pflanzenstoffe;;;;;;;;;;;;;;;;;;;;;;;;;;;;;;;;;;;;;;;;;;;;;;;
Ernährung;Welche Lebensmittel sind gute Lieferanten für vollwertige Kohlenhydrate?;Gemüse roh als Salat und gekocht, Obst, Vollkornprodukte;;;;;;;;;;;;;;;;;;;;;;;;;;;;;;;;;;;;;;;;;;;;;;;
Ernährung;Welche Nachteile hat eine zu hohe Zuckerzufuhr?;zu schneller Blutdruckanstieg;Überzuckerung nach dem Essen;ständige Insulinproduktion;Hungerattacken;Insulinresistenz;Diabetes mellitus Typ 2;;;;;;;;;;;;;;;;;;;;;;;;;;;;;;;;;;;;;;;;;;
Ernährung;Was können die Folgen von einer Kohlenhydratunterversorgung sein?;zu wenig Glucose für Hirn, Organe und Zellen;;;;;;;;;;;;;;;;;;;;;;;;;;;;;;;;;;;;;;;;;;;;;;;
Ernährung;Was bedeutet ein hoher Index bei Glyx?;Schneller Anstieg des Blutzuckers;;;;;;;;;;;;;;;;;;;;;;;;;;;;;;;;;;;;;;;;;;;;;;;
Ernährung;Wofür steht Glyx?;Glykämischer Index;Er ist das Mass dafür, wie stark und wie schnell ein kohlenhydrathaltiges Lebensmittel den Blutzuckerspiegel ansteigen lässt.;;;;;;;;;;;;;;;;;;;;;;;;;;;;;;;;;;;;;;;;;;;;;;
Ernährung;Nenne Lebensmittel mit hohem Glyx;Trockenfrüchte;Süssigkeiten;Softdrinks;;;;;;;;;;;;;;;;;;;;;;;;;;;;;;;;;;;;;;;;;;;;;
Ernährung;Wie wirkt Fruchtzucker auf den Blutzuckerspiegel?;hat kaum Einfluss auf den Blutzuckerspiegel;;;;;;;;;;;;;;;;;;;;;;;;;;;;;;;;;;;;;;;;;;;;;;;
Ernährung;Ab welchem Wert wird nüchtern zu hoher Blutzucker diagnostiziert?;grösser als 126 mg / dl;;;;;;;;;;;;;;;;;;;;;;;;;;;;;;;;;;;;;;;;;;;;;;;
Ernährung;Nenne Vorstufe von Diabetes mellitus Typ 2;Insulinresistenz;;;;;;;;;;;;;;;;;;;;;;;;;;;;;;;;;;;;;;;;;;;;;;;
Ernährung;Wie verläuft der Weg der Verdauung?;Mund;Speiseröhre;Magen;Zwölffingerdarm;Dünndarm;Dickdarm;Mastdarm;;;;;;;;;;;;;;;;;;;;;;;;;;;;;;;;;;;;;;;;;
Ernährung;Wie ist der Aufbau des Dünndarms?;Mucosa;Submucosa;Muscularis;Seros;;;;;;;;;;;;;;;;;;;;;;;;;;;;;;;;;;;;;;;;;;;;
Ernährung;Wie wird Vitamin B12 resorbiert?;durch den Intrinsic-Factor im Magen;;;;;;;;;;;;;;;;;;;;;;;;;;;;;;;;;;;;;;;;;;;;;;;
Ernährung;Was ist der Intrinsic-Factor?;spezielles Transporteiweiss (Glykoprotein);;;;;;;;;;;;;;;;;;;;;;;;;;;;;;;;;;;;;;;;;;;;;;;
Ernährung;Wie lautet die Endung aller Kohlenhydrat verdauenden Enzyme?;-ase;;;;;;;;;;;;;;;;;;;;;;;;;;;;;;;;;;;;;;;;;;;;;;;
Ernährung;Nenne Kohlenhydrat verdauende Enzyme;Alpha-Amylase;Pankreas-Amylase;Maltase;Isomaltase;Lactase;Saccharase;;;;;;;;;;;;;;;;;;;;;;;;;;;;;;;;;;;;;;;;;;
Ernährung;Was sind Divertikel?;Dickdarmausbuchtungen;;;;;;;;;;;;;;;;;;;;;;;;;;;;;;;;;;;;;;;;;;;;;;;
Ernährung;Was bedeutet Anamnese?;Erfragen und protokollieren von persönlichen Daten und Testungen;;;;;;;;;;;;;;;;;;;;;;;;;;;;;;;;;;;;;;;;;;;;;;;
Ernährung;Was sind anthropometrische Daten bei der Anamnese?;Gewicht;Grösse;Körperfettmessung;Body-Mass-Index;Waist-to-Height-Ratio;Waist-to-Hip-Ratio;;;;;;;;;;;;;;;;;;;;;;;;;;;;;;;;;;;;;;;;;;
Ernährung;Was sind internistische Daten bei der Anamnese?;Herzfrequenz in Ruhe;Blutdruck;Blutzucker;;;;;;;;;;;;;;;;;;;;;;;;;;;;;;;;;;;;;;;;;;;;;
Ernährung;Was ist der T/H-Quotient?;Taillen-Hüft-Quotient;;;;;;;;;;;;;;;;;;;;;;;;;;;;;;;;;;;;;;;;;;;;;;;
Ernährung;Nenne die Formel für WHR-Wert? Ab welchem WHR-Wert spricht man vom Apfeltyp (Frau / Mann)?;WHR = Taillenumfang in cm geteilt durch Hüftumfang in cm;Mann: Bauchumfang grösser als 0.99;Frau: Bauchumfang grösser als 0.84;;;;;;;;;;;;;;;;;;;;;;;;;;;;;;;;;;;;;;;;;;;;;
Ernährung;Wo befindet sich subcutanes Fett?;unter der Haut;;;;;;;;;;;;;;;;;;;;;;;;;;;;;;;;;;;;;;;;;;;;;;;
Ernährung;Nenne den oberen und den unteren Blutdruckwert;systolischer;diastolischer;;;;;;;;;;;;;;;;;;;;;;;;;;;;;;;;;;;;;;;;;;;;;;
Ernährung;Nenne den Wert für optimalen Blutdruck nach WHO;120 / 80 mm Hg;;;;;;;;;;;;;;;;;;;;;;;;;;;;;;;;;;;;;;;;;;;;;;;
Ernährung;Nenne den Wert ab Klassifikation Bluthochdruck nach WHO;140 / 90 mm Hg;;;;;;;;;;;;;;;;;;;;;;;;;;;;;;;;;;;;;;;;;;;;;;;
Ernährung;Welche Stoffwechselstörungen können die Folge von falscher Ernährung sein?;Diabetes mellitus Typ 2;Gicht;Hypercholesterinämie;;;;;;;;;;;;;;;;;;;;;;;;;;;;;;;;;;;;;;;;;;;;;
Ernährung;Welche Herz-Kreislauf-Erkrankungen können die Folge von falscher Ernährung sein?;Bluthochdruck;Artherosklerose;Herzinfarkt;;;;;;;;;;;;;;;;;;;;;;;;;;;;;;;;;;;;;;;;;;;;;
Ernährung;Was ist Adipositas?;Fettsucht;;;;;;;;;;;;;;;;;;;;;;;;;;;;;;;;;;;;;;;;;;;;;;;
Ernährung;Was ist Hypercholesterinämie?;Zu hohe schlechte Cholesterinwerte;;;;;;;;;;;;;;;;;;;;;;;;;;;;;;;;;;;;;;;;;;;;;;;
Ernährung;Was ist Hypertonie?;Bluthochdruck;;;;;;;;;;;;;;;;;;;;;;;;;;;;;;;;;;;;;;;;;;;;;;;
Ernährung;Was ist Helicobacter?;schädliches Magenbakterium;;;;;;;;;;;;;;;;;;;;;;;;;;;;;;;;;;;;;;;;;;;;;;;
Ernährung;Welche Vorteile bietet ein Ernährungsprotokoll?;genaue Ist- Situation der Ernährung;;;;;;;;;;;;;;;;;;;;;;;;;;;;;;;;;;;;;;;;;;;;;;;
Ernährung;Wie errechnet sich der Grundumsatz?;Mann: 24 x Körpergewicht in kg;Frau: 24 x Körpergewicht in kg x 0.9;;;;;;;;;;;;;;;;;;;;;;;;;;;;;;;;;;;;;;;;;;;;;;
Ernährung;Wie errechnet sich der Gesamtumsatz?;Grundumsatz x PAL;PAL = Tabelle entsprechend körperlicher Tätigkeit;Gesamtumsatz = gesamter Energiebedarf eines Menschen an einem Tag;;;;;;;;;;;;;;;;;;;;;;;;;;;;;;;;;;;;;;;;;;;;;
Ernährung;Wofür steht PAL?;Physical Activity Level (Zahl ohne Einheit), eine Zahl die beschreibt wie viel sich ein Mensch am Tag bewegt.;;;;;;;;;;;;;;;;;;;;;;;;;;;;;;;;;;;;;;;;;;;;;;;
Ernährung;Wie errechnet sich die Nährstoffverteilung?;50 - 55 % Kohlenhydrate;15 - 20 % Protein;25 - 30 % Fett;;;;;;;;;;;;;;;;;;;;;;;;;;;;;;;;;;;;;;;;;;;;;
Ernährung;Wie lautet die Einteilung der Herkunft von Fett?;tierisches Fett;pflanzliches Fett;;;;;;;;;;;;;;;;;;;;;;;;;;;;;;;;;;;;;;;;;;;;;;
Ernährung;Wie werden Fettsäuren unterteilt?;gesättigte Fettsäuren;einfach ungesättigte Fettsäuren;mehrfach  ungesättigte Fettsäuren;;;;;;;;;;;;;;;;;;;;;;;;;;;;;;;;;;;;;;;;;;;;;
Ernährung;Welche Fettsäuren haben einen negativen Einfluss auf den Cholesterinspiegel?;gesättigte Fettsäuren;Transfette;;;;;;;;;;;;;;;;;;;;;;;;;;;;;;;;;;;;;;;;;;;;;;
Ernährung;Welche Fettsäuren sind entzündungsfördernd?;gesättigte Fettsäuren;Transfette;Omega 6;;;;;;;;;;;;;;;;;;;;;;;;;;;;;;;;;;;;;;;;;;;;;
Ernährung;Welche Fettsäuren sind entzündungshemmend?;Omega 3;Omega 9;;;;;;;;;;;;;;;;;;;;;;;;;;;;;;;;;;;;;;;;;;;;;;
Ernährung;In welchen Fetten / Ölen findet man hauptsächlich welche Fettsäuren?;gesättigte Fettsäuren in allen tierischen und industriellen Fetten;einfach ungesättigte Fettsäuren in Olivenöl (Omega 9);mehrfach  ungesättigte Fettsäuren in Fisch, Leinöl, Nussölen (Omega 3);;;;;;;;;;;;;;;;;;;;;;;;;;;;;;;;;;;;;;;;;;;;;
Ernährung;Welche Lipoproteine unterscheidet man?;HDL;LDL;VLDL;;;;;;;;;;;;;;;;;;;;;;;;;;;;;;;;;;;;;;;;;;;;;
Ernährung;Wie werden Lipoproteine unterschieden?;entsprechend ihrer Zusammensetzung von Cholestrin, Protein und Fett;;;;;;;;;;;;;;;;;;;;;;;;;;;;;;;;;;;;;;;;;;;;;;;
Ernährung;Welche Aufgaben hat Cholestrin im menschlichen Körper?;lebenswichtiger Stoff mit zahlreichen Funktionen;darunter die Stabilisierung den Zellmembranen;Produktion von Hormonen;;;;;;;;;;;;;;;;;;;;;;;;;;;;;;;;;;;;;;;;;;;;;
Ernährung;Wie lauten die normalen Laborwerte für Cholestrin?;"Gesamtcholestrin: 200 + Lebensalter; max. 250";Berechnung Cholestrinmittelwert: LDL : HDL;LDL kleiner als 160 mg / dl;HDL grösser als 35 mg / dl;;;;;;;;;;;;;;;;;;;;;;;;;;;;;;;;;;;;;;;;;;;;
Ernährung;Was beeinflusst die Cholestrinwerte positiv / negativ?;positiv: gesunde Ernährung, Bewegung, Schlaf;negativ: Stress, falsche Ernährung, keine Bewegung;;;;;;;;;;;;;;;;;;;;;;;;;;;;;;;;;;;;;;;;;;;;;;
Ernährung;Wie wird von der WHO (World HealthOrganisation) Adipositas definiert?;Bei Adipositas (Fettleibigkeit, Fettsucht) handelt es sich um ein starkes Übergewicht, welches sich durch eine über das normale Mass hinausgehende Vermehrung des Körperfetts mit krankhaften Auswirkungen kennzeichnet.;;;;;;;;;;;;;;;;;;;;;;;;;;;;;;;;;;;;;;;;;;;;;;;
Ernährung;Wo befindet sich intraabdominales Fett?;in und um die inneren Organe;;;;;;;;;;;;;;;;;;;;;;;;;;;;;;;;;;;;;;;;;;;;;;;
Ernährung;Was ist der Vorteil von tierischem Protein?;hohe Wertigkeit, ideal für den Aufbau von Körperzellen;;;;;;;;;;;;;;;;;;;;;;;;;;;;;;;;;;;;;;;;;;;;;;;
Ernährung;Was ist der Vorteil von pflanzlichem Protein?;gut kombinierbar mit tierischem Protein, steigert die biologische Wertigkeit;;;;;;;;;;;;;;;;;;;;;;;;;;;;;;;;;;;;;;;;;;;;;;;
Ernährung;Wann spricht man von sauren Aminosäuren und wie heissen diese?;mehr Säuregruppen als Aminogruppen;Bsp. Glutaminsäure, Asparginsäure;;;;;;;;;;;;;;;;;;;;;;;;;;;;;;;;;;;;;;;;;;;;;;
Ernährung;Wie lautet die Empfehlung für die durchschnittliche und die maximale tägliche Proteinzufuhr?;Druchschnittlich 0.8 g / kg Körpergewicht;max. 1.8 g / kg Körpergewicht;;;;;;;;;;;;;;;;;;;;;;;;;;;;;;;;;;;;;;;;;;;;;;
Ernährung;Welche Folgen hat eine ständige zu hohe Proteinzufuhr?;Belastung der Nieren;hoher Harnsäuregehalt im Blut;Umwandlung zu Fett in der Leber;;;;;;;;;;;;;;;;;;;;;;;;;;;;;;;;;;;;;;;;;;;;;
Ernährung;Nenne die essentiellen Aminosäuren;Isoleucin;Leucin;Lysin;Phenylalanin;Threolin;Trytophan;Valin;;;;;;;;;;;;;;;;;;;;;;;;;;;;;;;;;;;;;;;;;
Ernährung;Welche Aminosäuren sind für den Muskelaufbau notwendig?;Isoleucin;Leucin;Valin;;;;;;;;;;;;;;;;;;;;;;;;;;;;;;;;;;;;;;;;;;;;;
Ernährung;Welche Nachteile haben Süssstoffe und Zuckeraustauschstoffe?;Insulinausschüttung ohne Zuckerzufuhr;kann Diabetes mellitus Typ 2 begünstigen;machen hungrig, machen dick;schädigen die Darmflora;sind zellschädigend;;;;;;;;;;;;;;;;;;;;;;;;;;;;;;;;;;;;;;;;;;;
Ernährung;In welchen Phasen wird der Ernährungsplan für einen Wettkampfsportler unterteilt?;Trainingsphase;Vorwettkampfsphase;Wettkampfsphase;Nachwettkampfsphase;;;;;;;;;;;;;;;;;;;;;;;;;;;;;;;;;;;;;;;;;;;;
Ernährung;Was sollte auf jeden Fall beim 'Gewicht machen' vermieden werden?;Dehydrierung (Wasserverlust im Körper);;;;;;;;;;;;;;;;;;;;;;;;;;;;;;;;;;;;;;;;;;;;;;;
Ernährung;Wie wird Wasser in der Ernährungslehre klassifiziert?;Trinkwasser;Tafelwasser;Quellwasser;Heilwasser;;;;;;;;;;;;;;;;;;;;;;;;;;;;;;;;;;;;;;;;;;;;
Ernährung;Wo kann im menschlichen Körper Heilwasser förderlich helfen?;Zahnschmelz: Fluor;Darm: Mineralien;Knochen: Calcium;Magensäure: weil basisch;;;;;;;;;;;;;;;;;;;;;;;;;;;;;;;;;;;;;;;;;;;;
Ernährung;Wie kann man Sportlergetränke nach ihrem Nährstoffgehalt einteilen?;Isotonisch;Hyperton;Hypoton;;;;;;;;;;;;;;;;;;;;;;;;;;;;;;;;;;;;;;;;;;;;;
Ernährung;Wie mischt man ein Apfelschorle für einen Sportler?;2 : 3 / Saft : Wasser;;;;;;;;;;;;;;;;;;;;;;;;;;;;;;;;;;;;;;;;;;;;;;;
Ernährung;Welche Getränkeregeln gibt es für Sportler?;alle 15 min etwa 200 ml Flüssigkeit;;;;;;;;;;;;;;;;;;;;;;;;;;;;;;;;;;;;;;;;;;;;;;;
Ernährung;Welche Nachteile hat übermässiger Alkoholkonsum?;Rauschgefahr;Zellvernichtung im Gehirn;Suchtgefahr;Energiezufuhr;;;;;;;;;;;;;;;;;;;;;;;;;;;;;;;;;;;;;;;;;;;;
Ernährung;Nenne die Folgen von Vitamin D Mangel;Störung im Knochenzellstoffwechsel;Knochenerweichung;Zahnverfall;Hautprobleme;;;;;;;;;;;;;;;;;;;;;;;;;;;;;;;;;;;;;;;;;;;;
Ernährung;Wie deckt der Körper seinen Vitamin D Bedarf?;UV-Strahlung der Sonne;80% werden in der Haut gebildet;;;;;;;;;;;;;;;;;;;;;;;;;;;;;;;;;;;;;;;;;;;;;;
Ernährung;Welche Aufgaben hat Vitamin C?;Immunsystem stärken;Antioxidans;Kollagenbildung;Eisenstoffwechsel;;;;;;;;;;;;;;;;;;;;;;;;;;;;;;;;;;;;;;;;;;;;
Ernährung;Was sind die wichtigsten Antioxidantien im Vitaminbereich?;A, C, E;;;;;;;;;;;;;;;;;;;;;;;;;;;;;;;;;;;;;;;;;;;;;;;
Ernährung;Wie wird Beta-Carotin vom Körper am besten aufgenommen?;zusammen mit Fett, da fettlösliches Vitamin;;;;;;;;;;;;;;;;;;;;;;;;;;;;;;;;;;;;;;;;;;;;;;;
Ernährung;Nenne drei Aufgaben von Vitamin E im menschlichen Körper;Aufbau Zellmembran;Antioxidans;verbesserte Blutzirkulation;Zellschutz für Haut, Augen, Muskeln, Nerven;bessere Haare;;;;;;;;;;;;;;;;;;;;;;;;;;;;;;;;;;;;;;;;;;;
Ernährung;Wie wird Vitamin B1 noch bezeichnet? ;Thiamin;;;;;;;;;;;;;;;;;;;;;;;;;;;;;;;;;;;;;;;;;;;;;;;
Ernährung;Was sind Symptome von Vitamin B1 Mangel?;Konzentrationsschwäche;Müdigkeit;psychische Labilität;Ödeme;niedriger Blutdruck;Störung Herz- und Nerventätigkeit;;;;;;;;;;;;;;;;;;;;;;;;;;;;;;;;;;;;;;;;;;
Ernährung;Was ist Riboflavin?;Vitamin B2;;;;;;;;;;;;;;;;;;;;;;;;;;;;;;;;;;;;;;;;;;;;;;;
Ernährung;Welche Aufgaben hat Niacin (Vitamin B3)?;zur Bildung von Coenzymen für den Kohlenhydrat-, Eiweiss- und Fettstoffwechsel notwendig;gefässerweiternde Wirkung;für Synthese der Sexualhormone (Östrogen, Testosteron, Progesteron) sowie von Cortison, Thyroxin und Insulin;für gesunde Nerven- und Hirnfunktion;unterstützt die Haut bei der Collagenbildung;Pigmentbildung und Feuchtigkeitsregulierung der Haut;Erhaltung gesunder Schleimhäute;;;;;;;;;;;;;;;;;;;;;;;;;;;;;;;;;;;;;;;;;
Ernährung;In welchen Lebensmitteln findet man Vitamin B3 besonders?;Leber, Fleisch, Geflügel, Fisch, Eier, Hülsenfrüchte;;;;;;;;;;;;;;;;;;;;;;;;;;;;;;;;;;;;;;;;;;;;;;;
Ernährung;Welche Aufgaben hat Panthothensäure (Vitamin B5)?;produziert Antistresshormon;sorgt für gesundes Nervensystem;zuständig für Umwandlung von Kohlenhydraten in Energie;hilft bei Zellbildung;unterstützt die Wundheilung;für die Funktion gesunder Nebennieren;unterstützt Neubildung von Antikörpern;;;;;;;;;;;;;;;;;;;;;;;;;;;;;;;;;;;;;;;;;
Ernährung;In welchen Lebensmitteln findet man Vitamin B5 besonders?;Innereien, Fleisch, Eigelb, grünem Gemüse, Vollkornreis, Vollkorngetreide, Hefe;;;;;;;;;;;;;;;;;;;;;;;;;;;;;;;;;;;;;;;;;;;;;;;
Ernährung;Welche Aufgaben hat Folsäure (Vitamin B9)?;beteiligt an Produktion von DNA und somit wichtig für Zellteilung;;;;;;;;;;;;;;;;;;;;;;;;;;;;;;;;;;;;;;;;;;;;;;;
Ernährung;In welchen Lebensmitteln findet man Folsäure (Vitamin B9) besonders?;Blattgemüse, Spinat, Salat, Spargel, Tomaten, Gurken, Vollkornprodukte, Eier;Hämoglobinbildung;unterstützt Proteinstoffwechsel und somit Antikörperbildung;Bildung von Thrombozyten;sorgt für intakte Schleimhäute;;;;;;;;;;;;;;;;;;;;;;;;;;;;;;;;;;;;;;;;;;;
Ernährung;Nenne die Mineralstoffe;Calcium;Phosphor;Kalium;Chlor;Natrium;Magnesium;;;;;;;;;;;;;;;;;;;;;;;;;;;;;;;;;;;;;;;;;;
Ernährung;Welche sind für den Knochenaufbau notwendig?;Calcium;Phosphor;;;;;;;;;;;;;;;;;;;;;;;;;;;;;;;;;;;;;;;;;;;;;;
Ernährung;Welche Symptome gibt es bei gestörtem Knochenaufbau?;bleibt lange unbemerkt;Spätsymptome: Rückenschmerzen, Verlust der Körpergrösse, Osteoporose-Bäuchlein;;;;;;;;;;;;;;;;;;;;;;;;;;;;;;;;;;;;;;;;;;;;;;
Ernährung;Wie hoch ist der durchschnittliche Tagesbedarf an Calcium?;1000 mg;;;;;;;;;;;;;;;;;;;;;;;;;;;;;;;;;;;;;;;;;;;;;;;
Ernährung;Welche Spurenelemente (10) gibt es?;Eisen;Kupfer;Zink;Mangan;Molybdän;Selen;Fluor;Jod;Chrom;Cobalt;;;;;;;;;;;;;;;;;;;;;;;;;;;;;;;;;;;;;;
Ernährung;Nenne die Symptome von Anämie;blasse Haut;hoher Puls;Kurzatmigkeit;Müdigkeit;;;;;;;;;;;;;;;;;;;;;;;;;;;;;;;;;;;;;;;;;;;;
Ernährung;Was sind die Aufgaben von Jod im menschlichen Körper?;hilft bei Verbrennung von überschüssigem Fett;notwendig für die Produktion von Schilddrüsenhormonen;verhindert Kropfbildung in der Schilddrüse;Schutz vor toxischer Wirkung radioaktiver Strahlung;fördert die Gesundheit von Haar, Haut, Nägeln und Zähnen;;;;;;;;;;;;;;;;;;;;;;;;;;;;;;;;;;;;;;;;;;;
Ernährung;Welches Spurenelement ist für die Insulinspeicherung wichtig?;Zink;;;;;;;;;;;;;;;;;;;;;;;;;;;;;;;;;;;;;;;;;;;;;;;
Ernährung;Warum ist Fluor für die Zähne wichtig?;härtet den Zahnschmelz;;;;;;;;;;;;;;;;;;;;;;;;;;;;;;;;;;;;;;;;;;;;;;;
Ernährung;Welcher Nährstoff wird bei der Gewichtsreduktion nicht gekürzt? Warum?;Protein darf nicht gekürzt werden;Protein wird zum Zellaufbau benötigit;;;;;;;;;;;;;;;;;;;;;;;;;;;;;;;;;;;;;;;;;;;;;;
Ernährung;Welche Regeln sind für eine Gewichtsreduktion sinnvoll?;essentielle Nährstoffe nicht kürzen;Energieeinsparung über Kohlenhydrate und Fett;langfristige Gewichtsreduktion;Energieumsatz durch Sport / Bewegung erhöhen;;;;;;;;;;;;;;;;;;;;;;;;;;;;;;;;;;;;;;;;;;;;
Ernährung;Was sind NEM? Wie lautet die Definition?;Wird die gewöhnliche Ernährung durch Stoffkonzentrate erweitert, so handelt es sich um Nahrungsergänzung.;Nahrungsergänzungsmittel werden auch als Supplements bezeichnet;;;;;;;;;;;;;;;;;;;;;;;;;;;;;;;;;;;;;;;;;;;;;;
Ernährung;Was sind Vorteile und Nachteile von NEM?;kann sinnvolle Ergänzung sein, wenn der Bedarf mit der Ernährung nicht gedeckt werden kann;kann überdosiert werden, viel Werbung, Geldmacherei;;;;;;;;;;;;;;;;;;;;;;;;;;;;;;;;;;;;;;;;;;;;;;
Fitnesstrainer;Was ist beim Kundenfeedback wichtig?;erst positiv, dann negativ;offen und ehrlich;;;;;;;;;;;;;;;;;;;;;;;;;;;;;;;;;;;;;;;;;;;;;;
Fitnesstrainer;Was verstehst du unter Sender-Empfänger-Modell?;Für das Zustandekommen einer Kommunikation sind zwei Partner nötig, Der Sender, von dem die Information ausgeht und der Empfänger, der die Information erhält.;;;;;;;;;;;;;;;;;;;;;;;;;;;;;;;;;;;;;;;;;;;;;;;
Fitnesstrainer;Auf welche Art können wir kommunizieren?;verbal und nonverbal;;;;;;;;;;;;;;;;;;;;;;;;;;;;;;;;;;;;;;;;;;;;;;;
Fitnesstrainer;Wie reagierst du auf Reklamationen im Fitnesscenter?;aktiv zuhören, nicht widersprechen, ausreden lassen;die einzelnen Punkte nachfragend aufschreiben (evt. dem Kunden helfen sie zu formulieren);quittieren - die Sache ernst nehmen - gegenüber dem Kunden eine persönliche Verpflichtung eingehen;Sich für die unangenehme Situation, in der sich der Kunde befindet entschuldigen. Nicht jedoch für die Sache, dafü kannst du nichts.;Fragen wie: Was können wir zusammen tun? Was ist ihr Vorschlag? Welche Lösung erachten Sie als angemessen?;;;;;;;;;;;;;;;;;;;;;;;;;;;;;;;;;;;;;;;;;;;
Fitnesstrainer;Welche Arten von Muskulatur finden sich im menschlichen Körper?;quergestreifte Muskulatur (Skelett);glatte Muskulatur (innere Organe);Herzmuskulatur;;;;;;;;;;;;;;;;;;;;;;;;;;;;;;;;;;;;;;;;;;;;;
Fitnesstrainer;Nenne Unterteilung des Bewegungsapparates;aktiver und passiver Bewegungsapparat;;;;;;;;;;;;;;;;;;;;;;;;;;;;;;;;;;;;;;;;;;;;;;;
Fitnesstrainer;Nenne Hauptaufgaben des aktiven Bewegungsapparates;Bewegung - Bewegungskontrolle;Stabilisation;Haltung;;;;;;;;;;;;;;;;;;;;;;;;;;;;;;;;;;;;;;;;;;;;;
Fitnesstrainer;Was sind kontraktile Elemente?;Aktin- und Myosinfilamente;;;;;;;;;;;;;;;;;;;;;;;;;;;;;;;;;;;;;;;;;;;;;;;
Fitnesstrainer;Wie nennt man die Befestigungspunkte des Muskels an den Knochen und wie werden sie unterschieden?;Ursprung - liegt näher zum Körperzentrum am unbeweglicheren Teil;Ansatz - liegt weiter entfernt vom Körperzentrum am beweglicheren Teil;;;;;;;;;;;;;;;;;;;;;;;;;;;;;;;;;;;;;;;;;;;;;;
Fitnesstrainer;Was ist eine Muskelschlinge? Drin oder raus?;Muskelschlinge bezeichnet das funktionelle Zusammenspiel verschiedener Muskeln in einer Bewegung;3 Begriffe: Muskelschlinge = Muskelkette = funktionelle Kette;;;;;;;;;;;;;;;;;;;;;;;;;;;;;;;;;;;;;;;;;;;;;;
Fitnesstrainer;Was ist eine Muskelkette?;= wie Muskelschlinge oder funktionelle Kette;3 Begriffe für das Gleiche;;;;;;;;;;;;;;;;;;;;;;;;;;;;;;;;;;;;;;;;;;;;;;
Fitnesstrainer;Nenne die 'Hintere schräge Muskelkette';Latissimus dorsi, Glutaeus, Thoracolumbar Faszie;;;;;;;;;;;;;;;;;;;;;;;;;;;;;;;;;;;;;;;;;;;;;;;
Fitnesstrainer;Funktionelle Unterscheidung der Skelettmuskulatur (nach Panjabi, Bergmark, Comerford);lokale Stabilisatoren - global Stabilisatoren - globale Beweger (Antara);;;;;;;;;;;;;;;;;;;;;;;;;;;;;;;;;;;;;;;;;;;;;;;
Fitnesstrainer;Was ist das globale System der Muskulatur?;globales System ist sowohl für Haltung als auch für Bewegung zuständig;Innerhalb des globalen Systems lassen sich Muskeln ausmachen, die mehr für die Haltungsaufgaben und solche, die mehr für die Bewegungsausführung geschaffen sind.;;;;;;;;;;;;;;;;;;;;;;;;;;;;;;;;;;;;;;;;;;;;;;
Fitnesstrainer;Was ist das lokale System der Muskulatur?;lokales System ist vor allem für die gelenksnahe, die segmentale Sicherung der passiven Strukturen zuständig.;Es ist nicht im üblichen Sinne mit Bewegung trainierbar.;Die Verbesserung der Muskelfunktion erfordert viel Sensibilität und verlangt die Bereitschaft sich auf Körperwahrnehmungsübungen einzulassen.;;;;;;;;;;;;;;;;;;;;;;;;;;;;;;;;;;;;;;;;;;;;;
Fitnesstrainer;Was ist notwendig, damit eine Bewegung entstehen kann?;ein Gelenk;Muskulatur, welche über das Gelenk zieht;Energie;Impuls;;;;;;;;;;;;;;;;;;;;;;;;;;;;;;;;;;;;;;;;;;;;
Fitnesstrainer;Definiere die aufrechte Haltung als anatomisches Modell;funktionelle Fussdivergenz;3-Punkte-Belastung;Knie neutral;Becken neutral;physiologische Lendenwirbelsäule (Lendenlordose) mit gehobenem Brustbein;Kopf in Verlängerung der Körperachse;Blick zum Horizont;Schultergürtel auf dem Thorax ruhend;;;;;;;;;;;;;;;;;;;;;;;;;;;;;;;;;;;;;;;;
Fitnesstrainer;Definiere optimale Ausgangsposition;so neutral wie möglich, alle Segmente in der Körperlängsachse eingeordnet;;;;;;;;;;;;;;;;;;;;;;;;;;;;;;;;;;;;;;;;;;;;;;;
Fitnesstrainer;Erkläre die Kontraktionsform: konzentrisch;Ursprung und Ansatz nähern sich aktiv;positiv-dynamisch, überwindend;Muskel überwindet den Widerstand und wird dadurch kürzer, dabei ändert sich die intramuskuläre Spannung;;;;;;;;;;;;;;;;;;;;;;;;;;;;;;;;;;;;;;;;;;;;;
Fitnesstrainer;Erkläre die Kontraktionsform: exzentrisch;Ursprung und Ansatz entfernen sich ;negativ, dynamisch, nachgebend;Muskel 'bremst' dabei eine Bewegung ab;Diese From der Belastung bzw. Kontraktion tritt zum Beispiel beim Bergabgehen in der vorderen Oberschenkelmuskulatur (M. quadriceps femoris) auf;;;;;;;;;;;;;;;;;;;;;;;;;;;;;;;;;;;;;;;;;;;;
Fitnesstrainer;Erkläre die Kontraktionsform: isotonisch;gleiche Spannung;Muskel verkürzt sich ohne Kraftänderung;Bsp. Wenn ein Gewicht oder Gegenstand sehr langsam um eine kurze Strecke aufgehoben wird;;;;;;;;;;;;;;;;;;;;;;;;;;;;;;;;;;;;;;;;;;;;;
Fitnesstrainer;Erkläre die Kontraktionsform: isometrisch;gleiches Mass;haltend-statisch;Kraft erhöht sich bei gleicher Länge des Muskels und im Gelenk findet keine Bewegung statt;Im physik. Sinne wird keine Arbeit geleistet, da der zurückgelegte Weg gleich null ist.;Bsp. ziehen an einer verschlossenen Tür oder versuchtes Heben eines zu schweren Gewichtes;;;;;;;;;;;;;;;;;;;;;;;;;;;;;;;;;;;;;;;;;;;
Fitnesstrainer;Erkläre die Kontraktionsform: auxotonisch;verschiedengespannt';sowohl Kraft als auch Länge ändern sich;dies ist der häufigste Kontraktionstyp;;;;;;;;;;;;;;;;;;;;;;;;;;;;;;;;;;;;;;;;;;;;;
Fitnesstrainer;Erkläre den Begriff 'muskuläre Insuffizienz';Ein Muskel kann nicht in jeder Länge die gleiche Kraft entwickeln;Die verminderte Kraft in der maximalen Exzentrik und in der maximalen Konzentrik eines Muskels;;;;;;;;;;;;;;;;;;;;;;;;;;;;;;;;;;;;;;;;;;;;;;
Fitnesstrainer;Was ist die konzentrische Kontraktion?;positiv-dynamisch, überwindend - dabei führt der Spannungsaufbau zu einer Längenveränderung, bei der sich der Muskelursprung und -ansatz annähern;;;;;;;;;;;;;;;;;;;;;;;;;;;;;;;;;;;;;;;;;;;;;;;
Fitnesstrainer;Was ist die exzentrische Kontraktion?;negativ, dynamisch, nachgebend - der Muskel ist stets unter Spannung;Es kommt jedoch zu einer Längenveränderung, bei der sich Muskelursprung und -ansatz voneinander entfernen.;;;;;;;;;;;;;;;;;;;;;;;;;;;;;;;;;;;;;;;;;;;;;;
Fitnesstrainer;Was ist die isometrische Kontraktion?;haltend-statisch, dabei führt die Muskelspannung nicht zu einer Längenveränderung;;;;;;;;;;;;;;;;;;;;;;;;;;;;;;;;;;;;;;;;;;;;;;;
Fitnesstrainer;Was ist die auxotonische Kontraktion?;Kombination von konzentrischer und exzentrischer Kontraktion, wie sie in den üblichen Bewegungsformen im Alltag und im Training vorkommt.;;;;;;;;;;;;;;;;;;;;;;;;;;;;;;;;;;;;;;;;;;;;;;;
Fitnesstrainer;Warum ist die übliche Aufteilung in Agonist, Antagonist und Synergist ungenau / vereinfachend?;Je nach Bewegung ist die Zuteilung eines eindeutigen Agonisten schwierig.;Der Ausfall eines (lediglich) beteiligten Muskels kann die Bewegung nicht stattfinden lassen oder  verändern.;Die Wertung eines Muskels in einem Bewegungsablauf ist nicht nur subjektiv zielabhängig und variabel, sondern darf grundlegend hinterfragt werden.;;;;;;;;;;;;;;;;;;;;;;;;;;;;;;;;;;;;;;;;;;;;;
Fitnesstrainer;Was ist Training?;gezielter, geplanter und dynamischer Prozess mit dem Ziel der Steigerung oder zumindest der Erhaltung sowohl der physischen als auch der psychischen Leistungsfähigkeit;;;;;;;;;;;;;;;;;;;;;;;;;;;;;;;;;;;;;;;;;;;;;;;
Fitnesstrainer;Was ist Superkompensation?;grundlegendes biologisches Prinzip, nach welchem der menschliche Körper auf einwirkende (Trainings-) Belastungen reagiert (=überschiessende Wiederherstellung);;;;;;;;;;;;;;;;;;;;;;;;;;;;;;;;;;;;;;;;;;;;;;;
Fitnesstrainer;Beschreibe in Worten das Prinzip der Superkompensation;Der Mensch befindet sich in seiner Umwelt in einem dynamischen Gleichgewicht (Homöostase).;Wird die Homöostase nun intensiv gestört, Bsp. Krafttraining, so führt dies vermehrt zum Abbau körpereigener Substanzen und somit zum Abfall des aktuellen Leistungsniveaus. ;Um auf eine wiederholte Reizeinwirkung vorbereitet zu sein, reagiert der Organismus nicht nur mir einem Substanzaufbau bis zur Ausgangskapazität, sondern mit einer Wiederherstellung, welche über das ursprüngliche Leistungsniveau hinausgeht.;Es erfolgt somit eine Überkompensation (Superkompensation), ein Substanzzuwachs und letztlich eine Leistungssteigerung.;;;;;;;;;;;;;;;;;;;;;;;;;;;;;;;;;;;;;;;;;;;;
Fitnesstrainer;Was ist Druck?;Kraft pro Fläche;Druck = physikalische Grösse, die beschreibt, wie stark eine Kraft senkrecht auf eine bestimmte Fläche einwirkt;p (Druck) = F (Kraft) geteilt durch A (Fläche);;;;;;;;;;;;;;;;;;;;;;;;;;;;;;;;;;;;;;;;;;;;;
Fitnesstrainer;Was ist 'Newton'?;Gewichtskraft ;Einheit N;internationale Basiseinheit der Kraft;definiert die Kraft die nötig ist, um einen Körper der Masse 1 kg innerhalb einer s auf eine Geschwindigkeit von 1 m / s zu beschleunigen;1N = 1 kg x m/s2;;;;;;;;;;;;;;;;;;;;;;;;;;;;;;;;;;;;;;;;;;;
Fitnesstrainer;Was ist Drehmoment?;Kraft mal Hebelarm;;;;;;;;;;;;;;;;;;;;;;;;;;;;;;;;;;;;;;;;;;;;;;;
Fitnesstrainer;Was besagt das Hebelgesetz?;Kraft 1 x Hebelarm 1   = Kraft 2 x Hebelarm 2;;;;;;;;;;;;;;;;;;;;;;;;;;;;;;;;;;;;;;;;;;;;;;;
Fitnesstrainer;Erkläre das Prinzip des trainingswirksamen Reizes (Reizsetzung - Effekt - Belastung);Nur wenn das innere Gleichgewicht des Organismus bedeutend gestört wird, werden Anpassungsvorgänge eingeleitet. Es muss also eine bestimmte passende Reizschwelle erreicht werden im Training.;unterschwellig - unterfordernd, wirkungslos -  zu tiet;schwach - funktionserhaltend - wenig zu tief;überschwellig - fordernd, funktionsverbessernd - optimal;zu stark überschwellig - überfordernd, funktionsschädigend - zu gross;;;;;;;;;;;;;;;;;;;;;;;;;;;;;;;;;;;;;;;;;;;
Fitnesstrainer;Erkläre das Prinzip der progressiven Belastung;Wirken Trainingsreize über längere Zeit mit absolut gleichbleibender Intensität auf den Körper ein, führt dies nicht mehr zu Leistungssteigerung, weil sich der Organismus bereits darauf eingestellt und dementsprechend angepasst hat.;Die Belastung im Training muss über Zeit den neuen individuellen Gegebenheiten und dem neuen Leistungsniveau angepasst werden.;;;;;;;;;;;;;;;;;;;;;;;;;;;;;;;;;;;;;;;;;;;;;;
Fitnesstrainer;Wie können progressive Belastungen gestaltet werden?;allmählich steigend oder sprunghaft steigend;;;;;;;;;;;;;;;;;;;;;;;;;;;;;;;;;;;;;;;;;;;;;;;
Fitnesstrainer;Welche Probleme stellen sich bei der Anwendung des Prinzips der Superkompensation in der Trainingspraxis?;Superkompensation ist ein theoretisches Modell;Es ist enorm schwer festzulegen, wann sich eine Person im Bereich der Superkompensation befindet.;Die Erholungszeit ist von vielen Faktoren abhängig.;Sie ist direkt abhängig vom aktuellen Trainingszustand und von der Belastungswirkung, indirekt u.a. von Ernährung, Stress, Schlaf (Erholung).;;;;;;;;;;;;;;;;;;;;;;;;;;;;;;;;;;;;;;;;;;;;
Fitnesstrainer;Erkläre das Prinzip der optimalen Belastung und Erholung;Die positive Anpassung des Körpers erfolgt nur, wenn er genügend Zeit bekommt  für vollständige Regeneration sowie sich zu verbessern (Superkompensation).;;;;;;;;;;;;;;;;;;;;;;;;;;;;;;;;;;;;;;;;;;;;;;;
Fitnesstrainer;Erkläre das Prinzip der regelmässigen Belastung;Für das Erreichen von struktureller Veränderung müssen wirksame Belastungsreize über längere Zeit und regelmässig gesetzt werden.;Erst dies führt zu stabilen Anpassungen resp. zu Adaption.;;;;;;;;;;;;;;;;;;;;;;;;;;;;;;;;;;;;;;;;;;;;;;
Fitnesstrainer;Warum ist es auch sinnvoll 'nur' einmal por Woche statt kein Mal ein Krafttraining durchzuführen?;Spätestens ab 30 sinkt die individuelle Leistungskurve langsam aber stetig. ;Ein Training einmal / Woche kann zumindest helfen, die aktuelle Leistungsfähigkeit möglichst lange aufrecht zu erhalten und weniger rapide sinken zu lassen (Alterungsprozess).;Ein Training pro Woche bedeutet somit aktive Altersvorsorge.;;;;;;;;;;;;;;;;;;;;;;;;;;;;;;;;;;;;;;;;;;;;;
Fitnesstrainer;Erkläre das Prinzip der Individualität;Persönliche Leistungsfähigkeit ist abhängig von verschiedenen inneren und äusseren Faktoren wie Alter, spezifische körperliche Einschränkungen oder mentale Einstellung.;Es gibt unterschiedliche Reaktionen auf Reizeinwirkungen bei Menschen, selbst wenn sie scheinbar vergleichbare Voraussetzungen mitbringen.;Dementsprechend muss ein optimales Training immer auf die aktuellen individuellen Voraussetzungen abgestimmt sein.;;;;;;;;;;;;;;;;;;;;;;;;;;;;;;;;;;;;;;;;;;;;;
Fitnesstrainer;Erkläre das Prinzip der spezifischen Anpassung;Der Körper richtet seine Anpassung auf den einwirkenden Reiz aus.;Die Systemverbesserung orientiert sich an der gestellten Aufgabe.;Als Fussballer entsprechend für das Fussballspiel trainieren (in diesem Fall nicht für Ballett);;;;;;;;;;;;;;;;;;;;;;;;;;;;;;;;;;;;;;;;;;;;;
Fitnesstrainer;Erkläre das Prinzip der Variation der Trainingsbelastung;Training und Trainingsbelastung sollen in regelmässigen Abständen variiert und längerfristig dynamisch flexibel gestaltet werden.;Variationen nicht nur möglich bezüglich Belastungsintensität, sondern auch bezüglich Zeit unter Belastung, Bewegungsgeschwindigkeit, Trainingsinhalten (Übungsvariationen) und -Methoden.;;;;;;;;;;;;;;;;;;;;;;;;;;;;;;;;;;;;;;;;;;;;;;
Fitnesstrainer;Welche Elemente der Belastung im Krafttraining kennst du?;Belastungsintensität;Belastungsdauer;Belastungsumfang;Belastungsdichte;;;;;;;;;;;;;;;;;;;;;;;;;;;;;;;;;;;;;;;;;;;;
Fitnesstrainer;Was ist die Belastungsintensität?;Das Gewicht in kg im Krafttraining, resp. Der dadurch resultierende Anstrengungsgrad einer Übung.;Sie kann objektiv angegeben werden (in % Fmax.) oder subjektiv (subjektives Anstrengungempfinden gemäss Skala-Werten).;;;;;;;;;;;;;;;;;;;;;;;;;;;;;;;;;;;;;;;;;;;;;;
Fitnesstrainer;Was ist die Belastungsausdauer?;Die Zeit, welche ein beanspruchter Muskel unter Spannung gesetzt wird und somit unter Belastung Kraft entwickelt.;;;;;;;;;;;;;;;;;;;;;;;;;;;;;;;;;;;;;;;;;;;;;;;
Fitnesstrainer;Was ist Belastungsumfang?;Der Belastungsumfang eines einzelnen Satzes rechnet sich aus Anzahl Wiederholungen mal dem bewegten Gewicht mal der Anzahl wiederholter Sätze.;Nimmt man die Resultate aller in einer Trainingseinheit durchgeführten Übungen zusammen, so ergibt sich der Gesamtumfang.;;;;;;;;;;;;;;;;;;;;;;;;;;;;;;;;;;;;;;;;;;;;;;
Fitnesstrainer;Was ist die Belastungsdichte?;Verhältnis zwischen Belastung und Pause;;;;;;;;;;;;;;;;;;;;;;;;;;;;;;;;;;;;;;;;;;;;;;;
Fitnesstrainer;Welche Auswirkungen zeigt die Ermüdung im Training?;Verminderung koordinativer Fähigkeiten;Verlängerung Reaktionszeiten;Nachlassen Konzentrationsfähigkeit;Abnahme Lernfähigkeit (motorisch und mental);Verlangsamung Bewegungsabläufe;Verschlechterung Ausführungsqualität;;;;;;;;;;;;;;;;;;;;;;;;;;;;;;;;;;;;;;;;;;
Fitnesstrainer;Erkläre das Prinzip der richtigen Kombination und Folge der Belastungsmerkmale;Bei mehreren Trainingsteilen in einer Einheit ist darauf zu achten, dass eine sinnvolle Reihenfolge eingehalten wird. Je höher der koordinative Anspruch (einer Übung) desto erholter muss das beanspruchte System sein um optimal belastet werden zu können.;Reihenfolge: Koordination vor Kraft, Kraf vor Ausdauer;;;;;;;;;;;;;;;;;;;;;;;;;;;;;;;;;;;;;;;;;;;;;;
Fitnesstrainer;Erkläre das Prinzip der Variation der Periodisierung;Der Körper benötigt einen regelmässigen Wechsel von Stabilität (gleiches Trainingsprogramm über gewisse Zeit) und Variation, um optimale Leistungsverbesserung zu erreichen.;;;;;;;;;;;;;;;;;;;;;;;;;;;;;;;;;;;;;;;;;;;;;;;
Fitnesstrainer;Was spricht dafür eine Trainingsprogramm zwei Monate beizubehalten und nicht in jedem Training andere Übungen zu machen?;Durch beibehalten eines Übungsprogramms über eine gewisse Zeit hinweg findet ein Lerneffekt bezüglich des koordinativen Anspruchs der Übungen statt, was zu zusätzlicher Intensitätssteigerung führt.;Je besser die Übung ausgeführt werden kann, desto besser ist die Qualität der Bewegung und der daraus resultierende Trainingserfolg.;;;;;;;;;;;;;;;;;;;;;;;;;;;;;;;;;;;;;;;;;;;;;;
Fitnesstrainer;Unterschiedliche Systeme im Körper benötigen unterschiedliche lange für Trainingsanpassungen. Ordne die Struktur, mit dem sich am schnellst erholenden bis zum langsamsten erholenden (1 - 5);Nervensystem;Herz-Kreislaufsystem;Muskulatur;Sehen und Bänder;Knochen und Knorpel;;;;;;;;;;;;;;;;;;;;;;;;;;;;;;;;;;;;;;;;;;;
Fitnesstrainer;Warum ist ein übermässig schneller Muskelaufbau für den menschlichen Organismus nicht unproblematisch?;Passive Strukturen des Bewegungsapparates können der rasch ansteigenden Belastung nicht mehr gewachsen sein, weil sie sich langsamer anpassen.;Dies führt zu Überlastungsschäden.;;;;;;;;;;;;;;;;;;;;;;;;;;;;;;;;;;;;;;;;;;;;;;
Fitnesstrainer;Was ist das Übertrainingssyndrom?;Vernachlässigung der Erholungsprozesse über längere Zeit hinweg, welche zur Anhäufung von Ermüdungseffekten führt;Daraus folgt eine deutlich negative Leistungsbilanz mit krankheitswertigen Folgesymptomen.;;;;;;;;;;;;;;;;;;;;;;;;;;;;;;;;;;;;;;;;;;;;;;
Fitnesstrainer;Welches sind Übertraining begünstigende Faktoren?;mangelnde Regenerationsdauer;nich angepasste Belastungselemente (Umfang, Intensität);zu schnelle Niveausteigerung einzelner Systeme;Ungeduld, zu hohe Ziele, Erwartungsdruck;soziale Probleme (Privatleben, Beruf);negativer Stress;Misserfogserlebnisse;chronischer Schlafmangel;ungenügende oder schlechte Ernährung;übermässiger Genussmittelkonsum;Medikamentenmissbrauch;;;;;;;;;;;;;;;;;;;;;;;;;;;;;;;;;;;;;
Fitnesstrainer;Welches sind mögliche Symptome eines Übertrainings?;aggressive oder depressive Grundstimmung, Gereiztheit, Launigkeit;Schlafstörungen;Konzentrationsschwäche, eingeschränkte Koordinationsfähigkeit;verringerte Stressresistenz;körperliche Leistungsschwäche (vorzeitige Ermüdung);wiederholte Krämpfe;Gewichtsverlust - Gewichtszunahme;verstärkter, regelmässiger Muskelkater;Verletzungsbilder (Muskelfaserriss, Sehnenscheidenentzündung u.ä.);erhöhter Ruhepuls;erhöhte Atemfrequenz;Infekte (Erkältung, Grippe u.ä.);;;;;;;;;;;;;;;;;;;;;;;;;;;;;;;;;;;;
Fitnesstrainer;Welche wiederherstellenden Massnahmen können bei akutem Übertraining angezeigt werden?;individuelle Trainingspause und Anpassung der Trainingsplanung;Reduktion der Belastungselemente (Intensität, Umfang)  und höherer Fokus auf Trainingsqualität;öfteres Koordinationstraining und Verbesserung der Körperwahrnehmung sowie Beweglichkeitstraining (Nachdehnen) ;medizinische Abklärung und allfällige Folgemassnahmen sowie therapeutische Beratung (körperlich, psychisch);aktive Regenerationsmassnahmen (Spaziergänge, Mobilisation);Ferien, zusätzliche Freizeit sowie Neuorganisation sozialer und beruflicher Reizfaktoren;Stressabbau, Gewohnheitsänderungen;Passive Regenerationsmassnahmen (Bäder, Massage, Sauna, Dampfbad), Sonnentage und freie Natur;Ernährungsanpassung;;;;;;;;;;;;;;;;;;;;;;;;;;;;;;;;;;;;;;;
Fitnesstrainer;Welches übergeordnete Ziel (Zielkategorien) kann Krafttraining haben?;Prävention;Leistung;Rehabilitation;Ästhetik;Psyche;;;;;;;;;;;;;;;;;;;;;;;;;;;;;;;;;;;;;;;;;;;
Fitnesstrainer;Was sind mögliche Gründe um ein Krafttraining zu absolvieren (Ziele)?;Positive Veränderung der Muskelstruktur (Kraftzuwachs, Muskelaufbau);Verbesserung der Muskelkraftausdauer und Körperformung (Muskelaufbau, Fettreduktion, Gewichtskontrolle);Positive strukturelle Anpassungen des passiven Bewegungsapparates (reduzierter Verschleiss);Vermeidung oder Verminderung akuter oder zukünftiger Beschwerden, Bsp. Osteoporose;Kompensation von Abnützungsschäden und allgemeine Verletzungsprophylaxe;Wiederaufbau nach Verletzungen (Rehabilitation);Verbesserung der Körperhaltung, Stabilisation von Rumpf und Extremitäten;verbesserte Eigenwahrnehmung und Koordinationsfähigkeit;Entwicklung von neuromuskulären Balancen;Verzögerung der Muskel- / Kraftabnahme im Alter;Sportspezifische Leistungssteigerung;positive mentale Aspekte (Selbstwertgefühl, Selbstbewusstsein);;;;;;;;;;;;;;;;;;;;;;;;;;;;;;;;;;;;
Fitnesstrainer;Welche Kraftarten kennst du?;Absolutkraft;Maximalkraft;Relativ-Kraft;Schnellkraft;Reaktivkraft;Explosivkraft;Startkraft;Kraftausdauser;;;;;;;;;;;;;;;;;;;;;;;;;;;;;;;;;;;;;;;;
Fitnesstrainer;Was ist Relativ-Kraft?;höchstmögliche Kraft im Verhältnis zum individuellen Körpergewicht;;;;;;;;;;;;;;;;;;;;;;;;;;;;;;;;;;;;;;;;;;;;;;;
Fitnesstrainer;Welche Methoden des fitness- und gesundheitsorientierten Krafttrainings kennst du?;Kraftausdauertraining;Hypertrophietraining;Intramuskuläres Koordinationstraining (IK-Training);;;;;;;;;;;;;;;;;;;;;;;;;;;;;;;;;;;;;;;;;;;;;
Fitnesstrainer;Wodurch unterscheiden sich die drei Methoden des fitness- und gesundheitsorientierten Krafttrainings grundlegend?;durch die Spannungsdauer der Muskulatur;Kraftausdauertraining (90 - 180 s);Hypertrophietraining (20 - 90 s);Intramuskuläres Koordinationstraining (IK-Training) (-20 s);;;;;;;;;;;;;;;;;;;;;;;;;;;;;;;;;;;;;;;;;;;;
Fitnesstrainer;Welche Merkmale zeichnen ein Kraftausdauertraining aus?;Spannungsdauer der Muskulatur 90 - 180 s;Intensität in Abhängigkeit zur Maximalkraft 30% - 65 % (70 %);Intensität nach subjektivem Empfinden mittel, mit zunehmender Dauer hoch;Reizhöhe leicht überschwellig;Anzahl Wiederholungen 15 - 25;Wiederholungstempo langsam bis zügig ca. 7 - 4 s;Sätze (Serien) 1 - 3 und mehr;Satzpausen nach subjektivem Empfinden und je nach willkürlich aufgebrachter Intensität, 30 - 50 s bei mittlerer Intensität, 1 - 3 min bei hoher Intensität;Energiebereitstellung anaerob - aerob, mit anhaltender Dauer zunehmend aerob;;;;;;;;;;;;;;;;;;;;;;;;;;;;;;;;;;;;;;;
Fitnesstrainer;Welche Merkmale zeichnen ein Hypertrophietraining aus?;Spannungsdauer der Muskulatur 20 - 90 s;Intensität in Abhängigkeit zur Maximalkraft (65 %) 70 % - 85 % (90 %);Intensität nach subjektivem Empfinden mittel bis hoch, mit zunehmender Dauer hoch bis sehr hoch;Reizhöhe mittel bis hoch überschwellig;Anzahl Wiederholungen 6 - 15;Wiederholungstempo langsam bis zügig ca. 6 - 3 s;Sätze (Serien) 1 - 3 und mehr;Satzpausen nach subjektivem Empfinden und je nach willkürlich aufgebrachter Intensität, 50 - 90 s bei mittlerer Intensität, 1 - 4 min bei hoher Intensität;überwiegend anaerob und laktazide Energiebereitstellung;;;;;;;;;;;;;;;;;;;;;;;;;;;;;;;;;;;;;;;
Fitnesstrainer;Welche Merkmale zeichnen ein IK-Training (Intramuskuläres Koordinationstrainig) aus?;Spannungsdauer der Muskulatur bis 20 s;Intensität in Abhängigkeit zur Maximalkraft 85 % - 95 % (100 %);Intensität nach subjektivem Empfinden hoch bis sehr hoch;Reizhöhe hochüberschwellig bis maximal;Anzahl Wiederholungen (1) 2 - 6;Wiederholungstempo zügig bis explosiv ca. 3 - 1 s;Sätze (Serien) 1 - 3 und mehr;Satzpausen nach subjektivem Empfinden und je nach willkürlich aufgebrachter Intensität, ab 2 min und mehr;überwiegend anaerob alaktazide Energiebereitstellung im Kreatinphosphatstoffwechsel;;;;;;;;;;;;;;;;;;;;;;;;;;;;;;;;;;;;;;;
Fitnesstrainer;Was ist Maximalkrafttraining?;Intramuskuläres Koordinationstraining bei maximaler Intensität (1 Wiederholung mit grösstmöglichem Gewicht);;;;;;;;;;;;;;;;;;;;;;;;;;;;;;;;;;;;;;;;;;;;;;;
Fitnesstrainer;Was bringt ein Kraftausdauertraining?;Verbesserung der Ermüdungswiderstandsfähigkeit;geringer Effekt der Hypertrophie;fördert die Vergrösserung der Phosphat - Glykogenspeicher und verbessert die Kapillarisierung;fördert eine angepasste strukturelle Entwicklung aller beteiligter Systeme des Bewegungsapparates;besserer Bewegungs-Lerneffekt durch die tendenziell höheren Wiederholungszahlen;;;;;;;;;;;;;;;;;;;;;;;;;;;;;;;;;;;;;;;;;;;
Fitnesstrainer;Was bringt ein Hypertrophietraining?;Muskelquerschnittsvergrösserung;Kraftsteigerung;erhöhter Energieumsatz;Körperformung;;;;;;;;;;;;;;;;;;;;;;;;;;;;;;;;;;;;;;;;;;;;
Fitnesstrainer;Was bringt ein IK-Training?;Verbesserung der intramuskulären Koordination;gesteigerte neuromuskuläre Aktivierungsfähigkeit;;;;;;;;;;;;;;;;;;;;;;;;;;;;;;;;;;;;;;;;;;;;;;
Fitnesstrainer;Was ist das Pyramidentraining?;gemischte Methode des Krafttrainings;mit jedem ausgeführten Satz wird jeweils die Intensität erhöht und dementsprechend die Wiederholungszahl reduziert, bis an der Spitze eine einmalige Wiederholung durchgeführt wird;danach kann die Pyramide auch auf dem umgekehrten Weg herunter trainiert werden;;;;;;;;;;;;;;;;;;;;;;;;;;;;;;;;;;;;;;;;;;;;;
Fitnesstrainer;Welche Richtwerte können für die Erholungszeit nach Krafttraining angegeben werden?;Kraftausdauertraining (36 h), 48 - 72 h;Hypertrophietraining 48 - 72 h;IK-Training 72 - 84 h;;;;;;;;;;;;;;;;;;;;;;;;;;;;;;;;;;;;;;;;;;;;;
Fitnesstrainer;Was ist eine motorische Einheit?;Die funktionelle Grundeinheit des neuromuskulären Systems, bestehend aus einem einzigen alpha-Motoneuron (Nervenzelle im Rückenmark) und allen von ihm angesteuerten (innervierten) Muskelfasern.;Sie ist die kleinste Einheit, die vom Nervensystem zur Muskelkontraktion aktiviert werden kann, wobei alle zugehörigen Fasern gleichzeitig kontrahieren.;Eine einzelne Nervenzelle steuert gleichzeitig mehrere Muskelzellen (Fasern).;Die Muskelfasern arbeiten nach dem 'Alles oder nichts-Prinzip'.;;;;;;;;;;;;;;;;;;;;;;;;;;;;;;;;;;;;;;;;;;;;
Fitnesstrainer;Die motorische Einheit arbeitet nach dem 'Alles oder nichts-Prinzip'. Was bedeutet das?;Dies bedeutet, dass bei zu schwachen, sogenannten unterschwelligen Reizen die angehängten Muskelzellen gar nicht kontrahieren.;Ist jedoch eine bestimmte Reizschwelle überschritten, so reagieren alle angesprochenen Zellen gleichzeitig mit Kontraktion über alle Sarkomere.;;;;;;;;;;;;;;;;;;;;;;;;;;;;;;;;;;;;;;;;;;;;;;
Fitnesstrainer;Welche zwei Muskelfasertypen lassen sich grundsätzlich unterscheiden?;langsam zuckende Faser (slow twitch fibers);schnell zuckende Faser (fast twitch fibers);;;;;;;;;;;;;;;;;;;;;;;;;;;;;;;;;;;;;;;;;;;;;;
Fitnesstrainer;Wie nennt man Typ I Fasern auch?;rote Fasern;slow twitch Fasern;langsam zuckende Fasern;;;;;;;;;;;;;;;;;;;;;;;;;;;;;;;;;;;;;;;;;;;;;
Fitnesstrainer;Wie nennt man Typ II Fasern auch?;weisse Fasern;fast twitch Fasern;schnell zuckende Fasern;;;;;;;;;;;;;;;;;;;;;;;;;;;;;;;;;;;;;;;;;;;;;
Fitnesstrainer;Nenne die Eigenschaften der Typ I Fasern der Skelettmuskulatur;Faserfarbe rot;Kontraktionszeit langsam (110 ms);Reizschwelle tief;aerobe Kapazität hoch ;anaerobe Kapazität tief;Mitochondrienzahl viele;Glykogengehalt wenig;Kapillarisierung sehr gut;Ermüdbarkeit gering (ausdauernd);Kraft der Kontraktion (Kraftniveau) gering;Grösse der motorischen Neuronen klein;;;;;;;;;;;;;;;;;;;;;;;;;;;;;;;;;;;;;
Fitnesstrainer;Nenne die Eigenschaften der Typ II Fasern der Skelettmuskulatur;Faserfarbe weiss;Kontraktionszeit schnell (50 ms);Reizschwelle mittel - sehr hoch;aerobe Kapazität mittel;anaerobe Kapazität hoch;Mitochondrienzahl mittel;Glykogengehalt viel;Kapillarisierung gut;Ermüdbarkeit mittel - stark;Kraft der Kontraktion (Kraftniveau) mittel - sehr hoch;Grösse der motorischen Neuronen mittel - sehr gross;;;;;;;;;;;;;;;;;;;;;;;;;;;;;;;;;;;;;
Fitnesstrainer;Was ist intermuskuläre Koordination?;Zusammenspiel aller an einem Bewegungsablauf beteiligten Muskeln;;;;;;;;;;;;;;;;;;;;;;;;;;;;;;;;;;;;;;;;;;;;;;;
Fitnesstrainer;Was ist Intramuskuläre Koordination?;Zusammenspiel der in einem Muskel vorhandenen motorischen Einheiten miteinander;;;;;;;;;;;;;;;;;;;;;;;;;;;;;;;;;;;;;;;;;;;;;;;
Fitnesstrainer;Warum ist gute intramuskuläre Koordination wichtig?;Je synchroner die motorischen Einheiten geschaltet werden können, und je besser die Rekrutierung (ansprechen der Zellen) und Frequentierung (Impulsverarbeitung) funktioniert, desto optimierter ist eine Kraftenwicklung möglich.;;;;;;;;;;;;;;;;;;;;;;;;;;;;;;;;;;;;;;;;;;;;;;;
Fitnesstrainer;Warum ist gute intermuskuläre Koordination wichtig?;Eine optimierte und fein abgestimmte Bewegung sorgt für präzise und zielorientierte Reizsetzung auf den Bewegungsapparat. ;Zudem garantiert eine gut entwickelte intermuskuläre Koordination eine höhere Leistungsfähigkeit allein schon deshalb, weil sie weniger Energie verbraucht.;;;;;;;;;;;;;;;;;;;;;;;;;;;;;;;;;;;;;;;;;;;;;;
Fitnesstrainer;Was ist die Konstitution?;Die prioritär vorgegebene Zusammensetzung (biologische Voraussetzung) eines Menschen, d.h. seine körperlichen Grundmerkmale wie Geschlecht, Körperbau oder Neigung zu bestimmten Krankheiten, welche vorwiegend genetisch festgelegt sind.;;;;;;;;;;;;;;;;;;;;;;;;;;;;;;;;;;;;;;;;;;;;;;;
Fitnesstrainer;Was ist die Kondition?;Kondition ist die Zusammenfassung von physischer und psychischer Leistungsfähigkeit (unter dem begrenzten Aspekt der energetisch-physiologischen Grundlagen);;;;;;;;;;;;;;;;;;;;;;;;;;;;;;;;;;;;;;;;;;;;;;;
Fitnesstrainer;Was ist die Koordination?;Das Zusammenspiel von Wahrnehmung (Propriozeption), Verarbeitung und Bewegung.;;;;;;;;;;;;;;;;;;;;;;;;;;;;;;;;;;;;;;;;;;;;;;;
Fitnesstrainer;Welche Faktoren bestimmen die physische Leistungsfähigkeit (Leistungsgrundlagen)?;Koordination;Ausdauer;Kraft;Beweglichkeit;Schnelligkeit;;;;;;;;;;;;;;;;;;;;;;;;;;;;;;;;;;;;;;;;;;;
Fitnesstrainer;Welche Faktoren bestimmen die psychische Leistungsfähigkeit?;Motivation;Wille;Einstellung;Erfahrung;Wahrnehmung;;;;;;;;;;;;;;;;;;;;;;;;;;;;;;;;;;;;;;;;;;;
Fitnesstrainer;Warum ist eine gute Kondition wichtig?;Je besser die Kondition eines Menschen, desto geringer muss das gesamte System auf einwirkende Belastungen reagieren und desto ökonomischer (effizienter und sparsamer) können die Leistungsreserven genutzt werden.;;;;;;;;;;;;;;;;;;;;;;;;;;;;;;;;;;;;;;;;;;;;;;;
Fitnesstrainer;Was ist Maximalkraft?;Die höchstmögliche Kraft, welche willentlich aktiviert werden kann.;Sie wird auch absolute Kraft genannt und als Kraftbasis bezeichnet.;Von ihr sind alle anderen Kraftarten abhängig.;;;;;;;;;;;;;;;;;;;;;;;;;;;;;;;;;;;;;;;;;;;;;
Fitnesstrainer;Was ist Kraftausdauer?;Die Fähigkeit eine Kraftleistung über einen längeren Zeitraum aufrecht zu erhalten. Das bedeutet mit anderen Worten die Verringerung des Kraftniveaus möglichst klein zu halten. ;Sie wird auch als Ermüdungswiderstandsfähigkeit gegenüber Krafteinsätzen von mehr als 30 % der Maximalkraft und somit als Ausdauerkraft bezeichnet.;;;;;;;;;;;;;;;;;;;;;;;;;;;;;;;;;;;;;;;;;;;;;;
Fitnesstrainer;Wie hoch müssen Krafteinsätze in % der Maximalkraft mind. gewählt werden, damit von Krafttraining gesprochen werden kann?;Krafteinsätze von mehr als 30 % der Maximalkraft werden als Krafttraining bezeichnet.;;;;;;;;;;;;;;;;;;;;;;;;;;;;;;;;;;;;;;;;;;;;;;;
Fitnesstrainer;Welche Trainingsprinzipien kennst du?;Prinzip der Superkompensation;Prinzip des trainingswirksamen Reizes;Prinzip der progressiven Belastung;Prinzip der optimalen Belastung und Erholung;Prinzip der regelmässigen Belastung;Prinzip der Individualität;Prinzip der spezifischen Anpassung;Prinzip der Variation der Trainingsbelastung;Prinzip der richtigen Kombination und Folge der Belastungsmerkmale;Prinzip der Periodisierung;;;;;;;;;;;;;;;;;;;;;;;;;;;;;;;;;;;;;;
Fitnesstrainer;Über welche Stufen führt eine physiologisch sinnvolle Kraftentwicklung im Allgemeinen?;1. Verbesserung der Eigenwahrnehmung (Propriozeption);2. Verbesserung der intermuskulären Koordination;3. Verbesserung der vorwiegend aeroben Muskel(kraft-) Ausdauer;4. Vermehrter Muskelaufbau (Hypertrophie);5. Verbesserung der intramuskulären Koordination;6. Funktionelle und spezifische Weiterentwicklung;;;;;;;;;;;;;;;;;;;;;;;;;;;;;;;;;;;;;;;;;;
Fitnesstrainer;Unterschiedliche Systeme im Körper reagieren unterschiedlich auf Training. Ordne die folgenden Anpassungen im zeitlichen Ablauf ein.;1. Laktatproduktion;2. Steigerung der Körpertemperatur;3. Elektrolyt- (Minerlastoff-) ausgleich;4. Mitochondrienbildung;5. verbesserte Kapillarisierung;6. sichtbare Hypertrophie;7. Adaption von Knochen, Knorpel, Sehnen und Bändern;;;;;;;;;;;;;;;;;;;;;;;;;;;;;;;;;;;;;;;;;
Fitnesstrainer;Welche Nebenwirkungen haben anabole Substanzen?;allgemeines Zellwachstum;hormonelle Veränderung;psychische Veränderung (Aggression, Depression);Suchtgefahr;Gewebeschädigung, v.a. Blutgefässe;Reduktion der Fertilität;Reduktion der Lebensdauer;;;;;;;;;;;;;;;;;;;;;;;;;;;;;;;;;;;;;;;;;
Fitnesstrainer;Der Körper braucht Energie und Sauerstoff um Arbeiten verrichten zu können. Wie nennt man die universelle Energiequelle die direkt zur Verfügung steht?;ATP;= Adenosintriphosphat;;;;;;;;;;;;;;;;;;;;;;;;;;;;;;;;;;;;;;;;;;;;;;
Fitnesstrainer;Wie lange reichen die Speicher von ATP;1-2 s;;;;;;;;;;;;;;;;;;;;;;;;;;;;;;;;;;;;;;;;;;;;;;;
Fitnesstrainer;Mit welchen Energieformen können die ATP-Speicher wieder aufgefüllt werden?;Kreationphosphat (KP);Kohlenhydrate (Glucose in der Form von Glycogen);Fette;Eiweiss (nur in Notfällen);;;;;;;;;;;;;;;;;;;;;;;;;;;;;;;;;;;;;;;;;;;;
Fitnesstrainer;Was ist die Bedingung für guten körperlichen Fettstoffwechsel?;genügend Sauerstoff muss zur Verfügung stehen;;;;;;;;;;;;;;;;;;;;;;;;;;;;;;;;;;;;;;;;;;;;;;;
Fitnesstrainer;Auf welche zwei Arten können leere ATP Speicherwieder aufgefüllt werden?;aerobe (sauerstoffverbrennende) Energiegewinnung;anaerobe (sauerstofflose) Energiegewinnung;;;;;;;;;;;;;;;;;;;;;;;;;;;;;;;;;;;;;;;;;;;;;;
Fitnesstrainer;Wie laufen die Prozesse der Energiespeicherung im Körper zeitlich ab?;Alle Prozesse laufen gleichzeitig;die Belastungsintensität bestimmt die Energiequelle;;;;;;;;;;;;;;;;;;;;;;;;;;;;;;;;;;;;;;;;;;;;;;
Fitnesstrainer;Ausdauertraining ist das Training für das Herzkreislauf-System. Welche Effekte darf ein trainierender von regelmässigem Ausdauertraining erwarten?;erhöhte physische Belastbarkeit (Einfluss auf andere Konditionsfaktoren);Bessere Regenerationsfähigkeit, schnellere Erholung;Prävention im Hinblick auf das Herz-Kreislaufsystem;Reduktion der Risikofaktoren für Herz-Kreislauf-Erkrankungen (Bluthochdruck, Blutfettwerte);Reduktion des Körperfettanteils (speziell in Kombination mit Krafttraining und Ernährungsumstellung);Erhöhte psychische Belastbarkeit (Stressresistenz, Ermüdungswiderstandsfähigkeit);Bewegung, Spass, Abwechslung (soziale Komponeneten);verbessertes Wohlbefinden (Schlafqualität, Eigenwahrnehmung etc.);;;;;;;;;;;;;;;;;;;;;;;;;;;;;;;;;;;;;;;;
Fitnesstrainer;Kann die max. Herzfrequenz durch regelmässiges Ausdauertraining erhöht werden?;nein;;;;;;;;;;;;;;;;;;;;;;;;;;;;;;;;;;;;;;;;;;;;;;;
Fitnesstrainer;Sind die unterschiedlichen Formeln für die Bestimmung der Trainings-Herzfrequenz präzise?;nein;;;;;;;;;;;;;;;;;;;;;;;;;;;;;;;;;;;;;;;;;;;;;;;
Fitnesstrainer;Was ist der optimale Herzfrequenzbereich für Grundlagenausdauertraining?;Grundlagenausdauertraining wird im Bereich von 65 % - 75 % der max. Herzfrequenz trainiert;;;;;;;;;;;;;;;;;;;;;;;;;;;;;;;;;;;;;;;;;;;;;;;
Fitnesstrainer;Wie reagieren Knochen längerfristig auf physiologisch sinnvolles Krafttraining?;Der regelmässige Wechsel von Druck- und Zugbelastungen führt zu Anpassungen der Knochenstrukturen.;Hierbei kann es zu einer vermehrten Einlagerung von Kalzium und zusätzlicher Bereitstellung von Knochengrundsubstanz kommen.;Zudem richtet sich das neu aufgebaute Strukturmaterial nach der Belastungseinwirkung aus und ist somit einwirkenden Belastungskräften im wahrsten Sinne besser gewachsen.;;;;;;;;;;;;;;;;;;;;;;;;;;;;;;;;;;;;;;;;;;;;;
Fitnesstrainer;Wie reagiert hyaliner Knorpel längerfristig auf physiologisch sinnvolles Krafttraining?;Neben Zellwachstum des Knorpels wird der Stoffwechsel optimiert und sorgt somit für eine verbesserte Nährstoffversorgung des Knorpelgewebes.;;;;;;;;;;;;;;;;;;;;;;;;;;;;;;;;;;;;;;;;;;;;;;;
Fitnesstrainer;Wie reagieren Sehnen längerfristig auf physiologisch sinnvolles Krafttraining?;Belastungseinwirkungen können zu erhöhter Zugfestigkeit führen.;Dies kommt sowohl durch vermehrte Einlagerung von Kollagenfasern, als auch durch widerstandsfähigere Strukturanordnung des Fasergeflechts zustande.;;;;;;;;;;;;;;;;;;;;;;;;;;;;;;;;;;;;;;;;;;;;;;
Fitnesstrainer;Wie reagieren Skelettmuskeln längerfristig auf physiologisch sinnvolles Krafttraining?;Neben dem strukturellen Aufbau und der zusätzlichen Verästellung kleinster Blutbahnen (Kapillarisierung) ist vor allem der Effekt der Muskeldickenzunahme (Hypertrophie) eine Folge des Krafttrainings.;Das Verhältnis zwischen Abbau und Aufbau (Proteinsynthese) im Muskelgewebe wird positiv beeinflusst, was zu verstärktem Muskelwachstum führt.;Eine Muskelquerschnittsvergrösserung ergibt sich aus einer Dickenzunahme der einzelnen Muskelfasern, dabei werden vermehrt kontraktile Elemente in den einzelnen Myofibrillen eingebaut.;;;;;;;;;;;;;;;;;;;;;;;;;;;;;;;;;;;;;;;;;;;;;
Fitnesstrainer;Wie wächst ein Muskel?;Es werden vermehrt kontraktile Elemente in den einzelnen Myofibrillen eingebaut.;Muskeln verfügen über sog. Satellitenzellen, welche am Rand der einzelnen Muskelfasern zu finden sind. ;Sie sind normalerweise untätig und werden erst zu Reparaturzwecken oder für Muskelwachstum aktiviert.;In diesem Fall vermehren (teilen) sich die Satellitenzellen. Die so entstehenend Tochterzellen werden dann für den (Wieder-) Aufbau der Proteinstrukturen verwendet. ;Sie vereinigen sich dabei mit den schon bestehenden Muskelzellen, wobei auch der Zellkern übergeht. Es werden also bei der Hypertrophie nicht neue Muskelfasern geschaffen, sondern die Anzahl und Grösse der kontraktilen Proteine in den Myofibrillen resp. Muskelfasern wird erhöht.;;;;;;;;;;;;;;;;;;;;;;;;;;;;;;;;;;;;;;;;;;;
Fitnesstrainer;Was ist Hyperplasie?;eine Muskelzellvermehrung;Diese wurde bisher nur im Labor-Tierversuch nachgewiesen und kann für den Menschen nicht ohne weiteres angenommen werden.;;;;;;;;;;;;;;;;;;;;;;;;;;;;;;;;;;;;;;;;;;;;;;
Fitnesstrainer;Was ist allgemeine (Muskel-) Ausdauer?;Ermüdungswiderstandsfähigkeit bei Belastungen welche den Körper mehrheitlich als Ganzes betreffen;;;;;;;;;;;;;;;;;;;;;;;;;;;;;;;;;;;;;;;;;;;;;;;
Fitnesstrainer;Was ist lokale (Muskel-) Ausdauer?;Ermüdungswiderstandsfähigkeit der Belastung einzelner Körperbereiche (max. 1/6 der gesamten Skelettmuskulatur);;;;;;;;;;;;;;;;;;;;;;;;;;;;;;;;;;;;;;;;;;;;;;;
Fitnesstrainer;Was sind die 4 wichtigsten Regeln für einen Kunden mit dem Ziel Gewichtsreduktion?;regelmässiges gesteuertes Ausdauertraining;effizientes, muskelaufbauendes Training;kontrollierte, ausgewogene Ernährung mit negativer Kalorienbilanz und aktivem Stoffwechsel;keine Radikaldiäten;;;;;;;;;;;;;;;;;;;;;;;;;;;;;;;;;;;;;;;;;;;;
Fitnesstrainer;Nach welchen Überlegungen sollte die Abfolge einer Trainingseinheit gestaltet werden?;Je höher der koordinative, neuromuskuläre Anspruch einer Teileinheit, desto früher im Training sollte sie umgesetzt werden. ;Gleiches gilt in Bezug auf die Übungsfolgen innerhalb der Teileinheiten.;Aufwärmen inkl. Koordinationsübungen, Krafteinheiten evt. Ausdauereinheit, Abwärmen inkl. Nachdehnen;;;;;;;;;;;;;;;;;;;;;;;;;;;;;;;;;;;;;;;;;;;;;
Fitnesstrainer;Was sind die Ziele des Aufwärmens vor dem Krafttraining?;Die Vorbereitung des Organismus auf die kommenden Belastungen und somit die Erstellung der physischen und psychischen Leistungsbereitschaft.;Eine verbesserte Durchblutung der Körpergewebe (bessere Versorgung mit Sauerstoff und Nährstoffen, Stoffwechselvorgänge können ökonomischer und schnelle ablaufen).;Die Körper -(Kern) Temperatur wird erhöht (Blut und Gewebeflüssigkeiten werden dünnflüssiger, die Elastizität in den Körpergeweben nimmt zu), Bsp. im Muskel. ;Beteiligte Gelenke werden 'geschmiert', verringerte Reibung durch die beweglichen Teile (Knochenenden) in den Gelenken und in ihrer Puffer-Funktion optimiert (Schwamm-Effekt).;Die neurale Impulsgeschwindigkeit und auch die Kontraktionsgeschwindigkeit der Muskulatur nimmt zu.;Der Symathicus wird aktiver und es kommt zu einer vermehrten hormonellen Ausschüttung (z.B. Noradrenalin), welche die Systemumstellung auf Leistung unterstützt;Reduktion des Verletzungsrisikos;;;;;;;;;;;;;;;;;;;;;;;;;;;;;;;;;;;;;;;;;
Fitnesstrainer;Was ist der Sinn von sogenannten Aufwärmsätzen?;Um optimal auf Belastungen vorbereitet zu sein, benötigen Gelenke Bewegung (Mobilisation).;Neben der Leistungsvorbereitung des Bewegungsapparates wird auch die mentale Fokussierung und die Feinabstimmung des neuromuskulären Systems gefördert.;Die Konzentration auf einen spezifischen Bewegungsablauf wird erhöht und das positive Gefühl in Bezug auf die kommende Anstrengung unterstützt.;;;;;;;;;;;;;;;;;;;;;;;;;;;;;;;;;;;;;;;;;;;;;
Fitnesstrainer;In welche Teilaspekte kann das Aufwärmen unterteilt werden?;allgemenes und spezielles Aufwärmen;;;;;;;;;;;;;;;;;;;;;;;;;;;;;;;;;;;;;;;;;;;;;;;
Fitnesstrainer;Wie wird ein allgemeines Aufwärmen gestaltet?;10 min Bewegung bei mittlerer Intensität auf einem geeigneten Ausdauergerät (nach individuellen Voraussetzungen und Einschränkungen).;Optimalerweise wird ein Gerät gewählt, bei dem möglichst der ganze Körper in der Bewegung aktiviert ist.;;;;;;;;;;;;;;;;;;;;;;;;;;;;;;;;;;;;;;;;;;;;;;
Fitnesstrainer;Was ist das spezielle Aufwärmen?;Dieses orientiert sich an den unterschiedlichen persönlichen Grundvoraussetzungen im Hinblick auf ein folgendes Training - zusätzliche Mobilisations- und koordinationsübungen, gegebenenfalls (sportspezifisches dynamisches) Vordehnen.;;;;;;;;;;;;;;;;;;;;;;;;;;;;;;;;;;;;;;;;;;;;;;;
Fitnesstrainer;Welche Punkte müssen bei der koordinativen Vorbereitung im Rahmen eines speziellen Aufwärmens beachtet werden?;5 - 10 min Dauer genügen;Übungen optimalerweise ohne Schuhe ausführen;wenn möglich labile Unterlagen verwenden;Übungen abbrechen bei mangelnder Konzentration;jede Übung mehrmals wiederholen;auf Körperhaltung und Atmung achten;;;;;;;;;;;;;;;;;;;;;;;;;;;;;;;;;;;;;;;;;;
Fitnesstrainer;Nach welchem Grundsatz der Belastungsfolge sollte eine gemischt-konditionelle Trainingseinheit aufgebaut werden?;Je höher der koordinative, neuromuskuläre Anspruch einer Teileinheit, desto früher im Training sollte sie umgesetzt werden. ;Gleiches gilt in Bezug auf die Übungsfolgen innerhalb der Teileinheiten.;Für eine Krafttrainingseinheit heisst dies: Aufwärmen inkl. Koordinationsübungen, Krafteinheit, evt. Ausdauereinheit, Abwärmen und Nachdehnen.;;;;;;;;;;;;;;;;;;;;;;;;;;;;;;;;;;;;;;;;;;;;;
Fitnesstrainer;Was ist die ideale Reihenfolge von Koordination, Ausdauer, Beweglichkeit und Kraft;Je höher der koordinative, neuromuskuläre Anspruch einer Teileinheit, desto früher im Training sollte sie umgesetzt werden, damit das System optimal reagieren kann.;Koordination vor Kraft, Kraft vor Ausdauer;;;;;;;;;;;;;;;;;;;;;;;;;;;;;;;;;;;;;;;;;;;;;;
Fitnesstrainer;Nach welchen Prinzipien kann der Krafttrainingsteil einer Trainingseinheit gestaltet werden?;Koordinativ anspruchsvollere Übungen (Bsp. freie Kniebeugen) sollten den einfacheren geführten Übungen vorangehen.;Grössere Muskelgruppen (Bsp. Beine) sollten vor den kleineren (Bsp. Arme) trainiert werden.;Je nach individueller Priorität oder körperlichen Defiziten können wichtigere vor weniger wichtigen Muskelgruppen trainiert werden (Bsp. unterentwickelte Rumpfmuskulatur zu Beginn des Trainings).;Unter haltungsorientierten Aspekten betrachet macht es Sinn, das Übungsprogramm mit einer öffnenden Übung zu beenden (Bsp. Hyperextension anstatt Bauch-Crunch).;;;;;;;;;;;;;;;;;;;;;;;;;;;;;;;;;;;;;;;;;;;;
Fitnesstrainer;Was ist der Sinn eines Cool-Down (Abwärmen) nach einer Trainingseinheit?;schnellere Systemwiederherstellung = aktive Regeneration;Muskulatur kann optimal mit Nährstoffen und Sauerstoff versorgt werden, Stoffwechselprodukte können besser abtransportiert werden (Bsp. Laktatabbau).;evt. Notwendige Reparaturprozesse (Bsp. für muskuläre Mikrotraumen) können von Beginn weg optimiert ablaufen;Herz-Kreislaufsystem wird beruhigt und die Körperfunktionen können optimal langsam und kontrolliert auf ein tieferes Anspruchsniveau zurückgebracht werden;Ausgeschüttete Leistungshormone (Adrenalin, Noradrenalin) werden schneller beseitigt.;Cool down' dient auch dem mentalen Übergang von Leistung zu Erholung.;;;;;;;;;;;;;;;;;;;;;;;;;;;;;;;;;;;;;;;;;;
Fitnesstrainer;Was kann ein Cool-Down (Abwärmen) nach einer Trainingseinheit nicht bewirken?;Muskelkater vermeiden und Fettverbrennung verstärken;;;;;;;;;;;;;;;;;;;;;;;;;;;;;;;;;;;;;;;;;;;;;;;
Fitnesstrainer;Beschreibe eine allgemeine Trainingseinheit in einem Krafttrainings-Einsteigerprogramm;8 - 10 min Aufwärmen;5 - 10 min aerobe Energiebereitstelltung, optimalerweise Ganzkörperaktivitat durch koordinative Übungen;30- 45 min Kraftausdauer- oder Hypertrophiemethode, jeweils 2 Sätze für den Lerneffekt, Ganzkörpertraining mit 6 - 8 Übungen (Hauptbeweger plus Rumpfstabilität, Training nicht bis zur vollständigen subjektiven Ausbelastung;evt. 20 - 40 min Ausdauereinheit mit Intensität entsprechend individuellen Voraussetzungen;10 - 15 min Abwärmen für aerobe Energiebereitstellung, optimalerweise Ganzkörperaktivität. (Die Dauer kann nach vorausgehendem Ausdauerteil auf 5 -10 min reduziert werden;Nachdehnen der Pflichdehnbereiche;;;;;;;;;;;;;;;;;;;;;;;;;;;;;;;;;;;;;;;;;;
Fitnesstrainer;Was bedeutet die PECH-Formel? ;Erste Hilfe Massnahmen;Pause (Belastung aussetzen);Eis (Kühlen in Intervallen);Compression (Druck verhindert Schwellung);Hochlagern (fördert Blutrückfluss);;;;;;;;;;;;;;;;;;;;;;;;;;;;;;;;;;;;;;;;;;;
Fitnesstrainer;Welche Muskeln sind beim Ausführen der Schulterpresse beteiligt?;M. trizeps brachii und M. deltoideus;;;;;;;;;;;;;;;;;;;;;;;;;;;;;;;;;;;;;;;;;;;;;;;
Workout Coach;Was ist Training?;wiederholte Fragen;;;;;;;;;;;;;;;;;;;;;;;;;;;;;;;;;;;;;;;;;;;;;;;
Workout Coach;Was ist die konzentrische Kontraktion?;wiederholte Fragen;;;;;;;;;;;;;;;;;;;;;;;;;;;;;;;;;;;;;;;;;;;;;;;
Workout Coach;Was ist die exzentrische (negativ, dynamisch, nachgebend) Kontraktion?;wiederholte Fragen;;;;;;;;;;;;;;;;;;;;;;;;;;;;;;;;;;;;;;;;;;;;;;;
Workout Coach;Was ist die isometrische Kontraktion?;wiederholte Fragen;;;;;;;;;;;;;;;;;;;;;;;;;;;;;;;;;;;;;;;;;;;;;;;
Workout Coach;Was ist die auxotonische Kontraktion?;wiederholte Fragen;;;;;;;;;;;;;;;;;;;;;;;;;;;;;;;;;;;;;;;;;;;;;;;
Workout Coach;Was passiert bei statische Haltearbeit ab 50% der max. aufwendbaren Kraft?;wiederholte Fragen;;;;;;;;;;;;;;;;;;;;;;;;;;;;;;;;;;;;;;;;;;;;;;;
Workout Coach;Was lässt sich über die Gewichtskraft F sagen? Formel?;F = m x g (Masse x Gewicht);Gewichtskraft einer 100 kg Hantel ist 1000 Newton;;;;;;;;;;;;;;;;;;;;;;;;;;;;;;;;;;;;;;;;;;;;;;
Workout Coach;Nenne dasTrägheitsgesetz;Körper verharrt in Ruhe oder gleichförmiger Bewegung solange keine äusseren Kräfte einwirken;= 1. Newtonsches Gesetz;;;;;;;;;;;;;;;;;;;;;;;;;;;;;;;;;;;;;;;;;;;;;;
Workout Coach;Was ist Arbeit?;wiederholte Fragen;;;;;;;;;;;;;;;;;;;;;;;;;;;;;;;;;;;;;;;;;;;;;;;
Workout Coach;Was ist Druck?;wiederholte Fragen;;;;;;;;;;;;;;;;;;;;;;;;;;;;;;;;;;;;;;;;;;;;;;;
Workout Coach;Was ist Drehmoment?;wiederholte Fragen;;;;;;;;;;;;;;;;;;;;;;;;;;;;;;;;;;;;;;;;;;;;;;;
Workout Coach;Was besagt das Hebelgesetz?;wiederholte Fragen;;;;;;;;;;;;;;;;;;;;;;;;;;;;;;;;;;;;;;;;;;;;;;;
Workout Coach;Wie können progressive Belastungen gestaltet werden?;allmählich steigend oder sprunghaft steigend;;;;;;;;;;;;;;;;;;;;;;;;;;;;;;;;;;;;;;;;;;;;;;;
Workout Coach;Was benötigt ein Muskel um Leistung zu vollbringen?;Energie und einen Impuls;;;;;;;;;;;;;;;;;;;;;;;;;;;;;;;;;;;;;;;;;;;;;;;
Workout Coach;Erkläre das Prinzip des trainingswirksamen Reizes;wiederholte Fragen;;;;;;;;;;;;;;;;;;;;;;;;;;;;;;;;;;;;;;;;;;;;;;;
Workout Coach;Einteilung betreffend korrekter Trainingsreizsetzung (in Abfolge von Reizsetzung, Effekt und Belastung);Unterschwellig - unterfordernd, wirkungslos - zu tief;schwach - funktionserhaltend - wenig zu tief;überschwellig - fordernd, funktionsverbessernd - optimal;zu stark überschwellig - überfordernd, funktionsschädigend - zu gross;;;;;;;;;;;;;;;;;;;;;;;;;;;;;;;;;;;;;;;;;;;;
Workout Coach;Was beschreibt das Prinzip der progressiven Belastung?;Wirken Trainingsreize über längere Zeit mit absolut gleichbleibender Intensität auf den Körper ein, führt dies nicht mehr zu Leistungssteigerung, weil sich der Organismus bereits darauf eingestellt und dementsprechend angepasst hat.;Es ist also notwendig, die Belastung im Training über Zeit den neuen individuellen Gegebenheiten und dem aktuellen Leistungsniveau anzupassen.;Um eine kontinuierliche Leistungssteigerung zu bewirken müssen die Trainingsreize kontinuierlich angepasst und variiert werden.;;;;;;;;;;;;;;;;;;;;;;;;;;;;;;;;;;;;;;;;;;;;;
Workout Coach;Was beschreibt das Prinzip der optimalen Belastung und Erholung?;Dies ist das Prinzip der Superkompensation;;;;;;;;;;;;;;;;;;;;;;;;;;;;;;;;;;;;;;;;;;;;;;;
Workout Coach;Was beschreibt das Prinzip der regelmässigen Belastung?;Um strukturelle Veränderung zu erreichen, müssen wirksame Belastungsreize über längere Zeit regelmässig gesetzt werden.;Erst dies führt zu stabilen Anpassungen resp. zu Adaption.;;;;;;;;;;;;;;;;;;;;;;;;;;;;;;;;;;;;;;;;;;;;;;
Workout Coach;Warum ist es auch sinnvoll 'nur' einmal por Woche statt kein Mal ein Krafttraining durchzuführen?;Spätestens ab 30 sinkt die individuelle Leistungskurve langsam aber stetig. ;Ein Training einmal / Woche kann zumindest helfen, die aktuelle Leistungsfähigkeit möglichst lange aufrecht zu erhalten und weniger rapide sinken zu lassen (Alterungsprozess);Ein Training pro Woche kann als aktive Altersvorsorge bezeichnet werden.;;;;;;;;;;;;;;;;;;;;;;;;;;;;;;;;;;;;;;;;;;;;;
Workout Coach;Was beschreibt das Prinzip der spezifischen Anpassung?;Der Körper richtet seine Anpassung aus auf den einwirkenden Reiz.;Systemverbesserung orientiert sich an der gestellten Aufgabe.;Um besser Fussball spielen zu können muss Fussball trainiert werden und nicht Ballett.;;;;;;;;;;;;;;;;;;;;;;;;;;;;;;;;;;;;;;;;;;;;;
Workout Coach;Nenne die Elemente der Belastung im Krafttraining?;Belastungsintensität;Belastungsdauer;Belastungsumfang;Belastungsdichte;;;;;;;;;;;;;;;;;;;;;;;;;;;;;;;;;;;;;;;;;;;;
Workout Coach;Was beschreibt das Prinzip der Variation der Trainingsbelastung?;Um kontinuierlich Verbesserungen zu erlangen muss die Belastung regelmässig variiert und das Training dynamisch und flexibel gestaltet werden.;Variationen nicht nur möglich bezüglich Belastungsintensität, sondern auch bezüglich Zeit unter Belastung, Bewegungsgeschwindigkeit, Trainingsinhalte (Übungsvariationen) und -Methoden.;;;;;;;;;;;;;;;;;;;;;;;;;;;;;;;;;;;;;;;;;;;;;;
Workout Coach;Was ist die Belastungsintensität?;wiederholte Fragen;;;;;;;;;;;;;;;;;;;;;;;;;;;;;;;;;;;;;;;;;;;;;;;
Workout Coach;Was ist die Belastungsausdauer?;wiederholte Fragen;;;;;;;;;;;;;;;;;;;;;;;;;;;;;;;;;;;;;;;;;;;;;;;
Workout Coach;Was ist der Belastungsumfang?;Der Belastungsumfang eines einzelnen Satzes rechnet sich aus der Anzahl Wiederholungen mal dem bewegten Gewicht.;Der einer Übung zusätzlich mal Anzahl absolvierter Sätze.;Nimmt man die Resultate aller in einer Trainingseinheit durchgeführten Übungen zusammen, ergibt sich der Gesamtumfang.;;;;;;;;;;;;;;;;;;;;;;;;;;;;;;;;;;;;;;;;;;;;;
Workout Coach;Was ist die Belastungsdichte?;Verhältnis zwischen Belastung und Pause;;;;;;;;;;;;;;;;;;;;;;;;;;;;;;;;;;;;;;;;;;;;;;;
Workout Coach;Welche Auswirkungen zeigt die Ermüdung im Training?;wiederholte Fragen;;;;;;;;;;;;;;;;;;;;;;;;;;;;;;;;;;;;;;;;;;;;;;;
Workout Coach;Was beschreibt das Prinzip der Periodisierung?;Der Körper benötigt einen regelmässigen Wechsel von Stabilität (gleiches Trainingsprogramm über gewisse Zeit) und Variationen, um eine optimale Leistungsverbesserung zu produzieren.;;;;;;;;;;;;;;;;;;;;;;;;;;;;;;;;;;;;;;;;;;;;;;;
Workout Coach;Was spricht dafür eine Trainingsprogramm zwei Monate beizubehalten und nicht in jedem Training andere Übungen zu machen?;wiederholte Fragen;;;;;;;;;;;;;;;;;;;;;;;;;;;;;;;;;;;;;;;;;;;;;;;
Workout Coach;Unterschiedliche Systeme im Körper benötigen unterschiedliche lange für Trainingsanpassungen. Ordne die Struktur, mit dem sich am schnellst erholenden bis zum langsamsten erholenden (1 - 5);wiederholte Fragen;;;;;;;;;;;;;;;;;;;;;;;;;;;;;;;;;;;;;;;;;;;;;;;
Workout Coach;Warum ist ein übermässig schneller Muskelaufbau für den menschlichen Organismus problematisch (nicht unproblematisch)?;wiederholte Fragen;;;;;;;;;;;;;;;;;;;;;;;;;;;;;;;;;;;;;;;;;;;;;;;
Workout Coach;Welches sind mögliche Symptome eines Übertrainings?;wiederholte Fragen;;;;;;;;;;;;;;;;;;;;;;;;;;;;;;;;;;;;;;;;;;;;;;;
Workout Coach;Welches sind innere und äussere Faktoren, die für individuelle Leistungsfähigkeit und Trainingsgestaltung ausschlaggebend sind?;Alter;mögliche körperliche Einschränkungen;Energiezustand;Motivation und mentale Einstellung;emotionales Befinden;Ernährung;Schlaf;;;;;;;;;;;;;;;;;;;;;;;;;;;;;;;;;;;;;;;;;
Workout Coach;Was bedeutet der Begriff Senso-Motorik?;Die Wahrnehmungsfähigkeit gekoppelt mir der Bewegungssteuerungsfähigkeit;= Afferenz-Efferenz-Feedback;;;;;;;;;;;;;;;;;;;;;;;;;;;;;;;;;;;;;;;;;;;;;;
Workout Coach;Was bedeutet sensomotorische Training?;Sensorik = Reizaufnahme über Rezeptoren und deren Weiterleitung und Verarbeitung zum bzw. im ZNS;Motorik = Antwort auf die Signale vom ZNS an die Muskulatur und deren Umsetzung in Bewegung;Training = Leistungsverbesserung durch gezielte Übungen (sensomotorische Zusatzreize);;;;;;;;;;;;;;;;;;;;;;;;;;;;;;;;;;;;;;;;;;;;;
Workout Coach;Welche Methoden des fitness- und gesundheitsorientierten Krafttrainings kennst du?;Kraftausdauertraining;Hypertrophietraining;Intramuskuläres Koordinationstraining (IK-Training);;;;;;;;;;;;;;;;;;;;;;;;;;;;;;;;;;;;;;;;;;;;;
Workout Coach;Wodurch unterscheiden sich die drei Methoden des fitness- und gesundheitsorientierten Krafttrainings grundlegend?;durch die Spannungsdauer der Muskulatur;Kraftausdauertraining (90 - 180 s);Hypertrophietraining (20 - 90 s);Intramuskuläres Koordinationstraining (IK-Training) (-20 s);;;;;;;;;;;;;;;;;;;;;;;;;;;;;;;;;;;;;;;;;;;;
Workout Coach;Welche Merkmale zeichnen ein Kraftausdauertraining aus?;wiederholte Fragen;;;;;;;;;;;;;;;;;;;;;;;;;;;;;;;;;;;;;;;;;;;;;;;
Workout Coach;Was bringt ein Kraftausdauertraining?;wiederholte Fragen;;;;;;;;;;;;;;;;;;;;;;;;;;;;;;;;;;;;;;;;;;;;;;;
Workout Coach;Welche Merkmale zeichnen ein Hypertrophietraining aus?;wiederholte Fragen;;;;;;;;;;;;;;;;;;;;;;;;;;;;;;;;;;;;;;;;;;;;;;;
Workout Coach;Welche Merkmale zeichnen ein IK-Training (Intramuskuläres Koordinationstrainig) aus?;wiederholte Fragen;;;;;;;;;;;;;;;;;;;;;;;;;;;;;;;;;;;;;;;;;;;;;;;
Workout Coach;Was ist Maximalkrafttraining?;wiederholte Fragen;;;;;;;;;;;;;;;;;;;;;;;;;;;;;;;;;;;;;;;;;;;;;;;
Workout Coach;Was bringt ein Hypertrophietraining?;wiederholte Fragen;;;;;;;;;;;;;;;;;;;;;;;;;;;;;;;;;;;;;;;;;;;;;;;
Workout Coach;Was bringt ein IK-Training?;wiederholte Fragen;;;;;;;;;;;;;;;;;;;;;;;;;;;;;;;;;;;;;;;;;;;;;;;
Workout Coach;Was ist das Pyramidentraining?;wiederholte Fragen;;;;;;;;;;;;;;;;;;;;;;;;;;;;;;;;;;;;;;;;;;;;;;;
Workout Coach;Was bringt Pyramidentraining?;Kann genutzt werden, um den Organismus auf Belastungsveränderungen vorzubereiten.;Es ist somit ein schonender und fliessender Übergang von einer Trainingsmethode in die andere möglich (Bsp. Von Hypertrophie- zu IK-Training);;;;;;;;;;;;;;;;;;;;;;;;;;;;;;;;;;;;;;;;;;;;;;
Workout Coach;Welche Richtwerte können für die Erholungszeit nach Krafttraining angegeben werden?;wiederholte Fragen;;;;;;;;;;;;;;;;;;;;;;;;;;;;;;;;;;;;;;;;;;;;;;;
Workout Coach;Was sind Zyklen im Krafttraining?;Die einzelnen Planungsphasen der Periodisierung;;;;;;;;;;;;;;;;;;;;;;;;;;;;;;;;;;;;;;;;;;;;;;;
Workout Coach;Was ist Periodisierung im Krafttraining?;Die Planung über längere Zeit hinweg, meist auf ein bestimmtes Ziel hin ausgerichtet (Bsp. Wettkampfereignis);;;;;;;;;;;;;;;;;;;;;;;;;;;;;;;;;;;;;;;;;;;;;;;
Workout Coach;Was ist ein Makrozyklus?;Die einzelnen Planungsphasen der Periodisierung;Ein Makrozyklus entspricht der Grobplanung und definiert einen Zeitraum von etwa 6 - 12 Monaten;;;;;;;;;;;;;;;;;;;;;;;;;;;;;;;;;;;;;;;;;;;;;;
Workout Coach;Was ist ein Mesozyklus?;Eine einzelne Planungsphase der Periodisierung, welche jeweils rund 4 - 6 Wochen dauert.;Mehrere Mesozyklen können zu einem Makrozyklus zusammengefasst werden und bestehen ihrerseits aus kleineren Mikrozyklen.;;;;;;;;;;;;;;;;;;;;;;;;;;;;;;;;;;;;;;;;;;;;;;
Workout Coach;Was ist ein Mikrozyklus?;Eine einzelne Planungsphase der Periodisierung, welche jeweils den Trainingsaufwand einer Woche abdeckt.;Mehrere Mikrozyklen können zu einem Mesozyklus zusammengefasst werden.;;;;;;;;;;;;;;;;;;;;;;;;;;;;;;;;;;;;;;;;;;;;;;
Workout Coach;Wie werden die einzelnen Krafttrainingsmethoden sinnvollerweise periodisiert?;Zyklus, Trainingsmethode, Dauer, Intensität;Mesozyklus 1: Kraftausdauertraining 4 - 6 Wochen mittel;Mesozyklus 2: Hypertrophietraining 6 - 8 Wochen mittel bis hoch;Mesozyklus 3: IK-Training 2 - 4 Wochen hoch (bis sehr hoch);Mesozyklus 4: Ausdauertraining, leichtes Hypertrophietraining;Übergangsphase 1 - 2 Wochen leicht bis mittel;;;;;;;;;;;;;;;;;;;;;;;;;;;;;;;;;;;;;;;;;;
Workout Coach;Wozu dient Trainingssteuerung?;Der Abstimmung aller relevanten Einflussfaktoren mit den Bedürfnissen, Voraussetzungen und Zielen der Trainierenden.;;;;;;;;;;;;;;;;;;;;;;;;;;;;;;;;;;;;;;;;;;;;;;;
Workout Coach;Welche Elemente finden sich im Prozess der Trainingssteuerung?;Standortbestimmung;Zielsetzung;Trainingsplanung;Trainingsdurchführung;Trainingskontrolle;Trainingsauswertung;Standortbestimmung;;;;;;;;;;;;;;;;;;;;;;;;;;;;;;;;;;;;;;;;;
Workout Coach;Wozu dienen Tests im Fitnesscenter?;Feststellung des körperlichen Funktions- und Fitnessstatus zur Einstellung individueller Trainingspläne;zur Feststellung der Fortschritte (Re-Tests);zur Korrektur aktueller Trainingsplanung;zur Neuerstellung von Trainingsplänen (neue Ziele);Motivation der Mitglieder (bei erreichbaren Zielen);;;;;;;;;;;;;;;;;;;;;;;;;;;;;;;;;;;;;;;;;;;
Workout Coach;Wozu dient die Standortbestimmung im Prozess der Trainingssteuerung?;Im gemeinsamen Gespräch mit dem Kunden werden die notwendigen Punkte geklärt, welche die Voraussetzung für die Trainingsplanung bilden (Gesundheitsfragen, Erfahrungen etc.);;;;;;;;;;;;;;;;;;;;;;;;;;;;;;;;;;;;;;;;;;;;;;;
Workout Coach;Was ist der Sinn von Trainingskontrollen?;Sicherstellung des angestrebten Trainingserfolgs;Überprüfung der ursprünglich geplanten Ziele;Kontrolle der Trainingswirkungen (Re-Tests);Rückblickende Analyse des Trainingsverlaufs;Anpassungen für weitergehende Trainingsplanung;;;;;;;;;;;;;;;;;;;;;;;;;;;;;;;;;;;;;;;;;;;
Workout Coach;Wozu dient die Trainingsauswertung im Prozess der Trainingssteuerung?;Der Überprüfung mittelfristiger Ziele. Durch Re-Tests und eine rückblickende Analyse des individuellen Trainingsverlauf und der resultierenden Wirkungen können Rückschlüsse gezogen und für weiterführende Ausblicke genutzt werden.;;;;;;;;;;;;;;;;;;;;;;;;;;;;;;;;;;;;;;;;;;;;;;;
Workout Coach;Nenne innere und äussere Faktoren, die für die individuelle Leistungsfähigkeit und Trainingsgestaltung ausschlaggebend sind;Alter;körperliche Einschränkungen;Energiezustand;mentale Einstellung;emotionales Befinden;Ernährung;Schlaf;;;;;;;;;;;;;;;;;;;;;;;;;;;;;;;;;;;;;;;;;
Workout Coach;Erkläre intermuskuläre Koordination?;wiederholte Fragen;;;;;;;;;;;;;;;;;;;;;;;;;;;;;;;;;;;;;;;;;;;;;;;
Workout Coach;Erkläre intramuskuläre Koordination?;wiederholte Fragen;;;;;;;;;;;;;;;;;;;;;;;;;;;;;;;;;;;;;;;;;;;;;;;
Workout Coach;Warum ist gute intramuskuläre Koordination wichtig?;wiederholte Fragen;;;;;;;;;;;;;;;;;;;;;;;;;;;;;;;;;;;;;;;;;;;;;;;
Workout Coach;Warum ist gute intermuskuläre Koordination wichtig?;wiederholte Fragen;;;;;;;;;;;;;;;;;;;;;;;;;;;;;;;;;;;;;;;;;;;;;;;
Workout Coach;Welche Kraftarten kennst du?;wiederholte Fragen;;;;;;;;;;;;;;;;;;;;;;;;;;;;;;;;;;;;;;;;;;;;;;;
Workout Coach;Was ist Absolutkraft?;Die höchstmögliche Kraft, welche der menschliche Organismus zu leisten im Stande ist.;Sie setzt sich zusammen aus der Maximalkraft und den autonom geschützten Kraftreserven, welche nicht willentlich aktivierbar sind.;;;;;;;;;;;;;;;;;;;;;;;;;;;;;;;;;;;;;;;;;;;;;;
Workout Coach;Was ist absolute Kraft?;Dasselbe wie Maximalkraft: Die höchstmögliche Kraft, welche willentliche aktiviert werden kann;absolute Kraft = Maximalkraft;;;;;;;;;;;;;;;;;;;;;;;;;;;;;;;;;;;;;;;;;;;;;;
Workout Coach;Was ist Maximalkraft?;Die höchstmögliche Kraft, welche willentlich aktiviert werden kann.;Sie wird auch absolute Kraft genannt und als Kraftbasis bezeichnet.;Von ihr sind alle anderen Kraftarten abhängig.;;;;;;;;;;;;;;;;;;;;;;;;;;;;;;;;;;;;;;;;;;;;;
Workout Coach;Was ist Relativ-Kraft?;Die höchstmögliche Kraft im Verhältnis zum individuellen Körpergewicht (Maximalkraft : Körpergewicht);;;;;;;;;;;;;;;;;;;;;;;;;;;;;;;;;;;;;;;;;;;;;;;
Workout Coach;Was ist Schnellkraft?;Die neuromuskuläre Fähigkeit möglischt schnell Kraft zu eintwickeln;;;;;;;;;;;;;;;;;;;;;;;;;;;;;;;;;;;;;;;;;;;;;;;
Workout Coach;Was ist Kraftausdauer?;Die Fähigkeit eine Kraftleistung über einen längeren Zeitraum aufrecht zu erhalten oder die Verringerung des Kraftniveaus möglichst klein zu halten. ;;;;;;;;;;;;;;;;;;;;;;;;;;;;;;;;;;;;;;;;;;;;;;;
Workout Coach;Nenne die Trainingsprinzipien;Prinzip der Superkompensation;Prinzip des trainingwirksamen Reizes;Prinzip der progressiven Belastung;Prinzip der optimalen Belastung und Erholung;Prinzip der regelmässigen Belastung;Prinzip der Individualität;Prinzip der spezifischen Anpassung;Prinzip der Vatiation der Trainingsbelastung;Prinzip der richtigen Kombination und Folge der Belastungsmerkmale;Prinzip der Periodisierung;;;;;;;;;;;;;;;;;;;;;;;;;;;;;;;;;;;;;;
Workout Coach;Über welche Stufen führt eine physiologisch sinnvolle Kraftentwicklung im Allgemeinen?;1. Verbesserung der Eigenwahrnehmung;2. Verbesserung der intermuskulären Koordination;3. Verbesserung der vorwiegend aeroben Muskel(Kraft)ausdauer;4. Vermehrter Muskelaufbau (Hypertrophie);5. Verbesserung der intramuskulären Koordination;6. Funktionelle und spezifische Weiterentwicklung;;;;;;;;;;;;;;;;;;;;;;;;;;;;;;;;;;;;;;;;;;
Workout Coach;Wie reagieren Skelettmuskeln längerfristig auf physiologisch sinnvolles Krafttraining?;wiederholte Fragen;;;;;;;;;;;;;;;;;;;;;;;;;;;;;;;;;;;;;;;;;;;;;;;
Workout Coach;Nenne die unterschiedlichen Nebenwirkungen von anabolen Substanzen;bewirken Zellwachstum;hormonelle Veränderung;psychische Veränderung (Aggression, Depression);beinhaltet Suchtgefahr;führt zu Gewebeschädigung (v.a. Blutgefässe);reduziert Fertilität;reduziert Lebensdauer;;;;;;;;;;;;;;;;;;;;;;;;;;;;;;;;;;;;;;;;;
Workout Coach;Was sind die Ziele des Aufwärmens vor dem Krafttraining?;wiederholte Fragen;;;;;;;;;;;;;;;;;;;;;;;;;;;;;;;;;;;;;;;;;;;;;;;
Workout Coach;Welche Punkte müssen bei der koordinativen Vorbereitung im Rahmen eines speziellen Aufwärmens beachtet werden?;wiederholte Fragen;;;;;;;;;;;;;;;;;;;;;;;;;;;;;;;;;;;;;;;;;;;;;;;
Workout Coach;Nach welchem Grundsatz der Belastungsfolge sollte eine gemischt-konditionelle Trainingseinheit aufgebaut werden?;wiederholte Fragen;;;;;;;;;;;;;;;;;;;;;;;;;;;;;;;;;;;;;;;;;;;;;;;
Workout Coach;Nach welchen Prinzipien kann der Krafttrainingsteil einer Trainingseinheit gestaltet werden?;wiederholte Fragen;;;;;;;;;;;;;;;;;;;;;;;;;;;;;;;;;;;;;;;;;;;;;;;
Workout Coach;Was ist der Sinn eines Cool-Down (Abwärmen) nach einer Trainingseinheit?;wiederholte Fragen;;;;;;;;;;;;;;;;;;;;;;;;;;;;;;;;;;;;;;;;;;;;;;;
Workout Coach;Beschreibe eine allgemeine Trainingseinheit in einem Krafttrainings-Einsteigerprogramm;wiederholte Fragen;;;;;;;;;;;;;;;;;;;;;;;;;;;;;;;;;;;;;;;;;;;;;;;
Workout Coach;Was ist ein Splittraining?;Einzelne Körperbereiche werden aufgeteilt und die einzelnen Muskelgruppen an unterschiedlichen, teilweise direkt aufeinanderfolgenden Tagen trainiert.;Somit ist es möglich, täglich ein Krafttraining zu absolvieren.;;;;;;;;;;;;;;;;;;;;;;;;;;;;;;;;;;;;;;;;;;;;;;
Workout Coach;Was ist ein Circuittraining?;(auch Zirkel- oder Kreistraining);Hier wird jeweils nach einem absolvierten Satz die Übung gewechselt bis alle Übungen absolviert wurden und dann der ganze Durchgang wiederholt, allenfalls mehrmals wiederholt.;;;;;;;;;;;;;;;;;;;;;;;;;;;;;;;;;;;;;;;;;;;;;;
Workout Coach;Was ist ein Stationentraining?;Pro Übung wird eine Anzahl Sätze und Wiederholungen ausgeführt und dann an das nächste Gerät gewechselt.;Nach Abschluss der letzten Übung ist das Training beendet.;;;;;;;;;;;;;;;;;;;;;;;;;;;;;;;;;;;;;;;;;;;;;;
Workout Coach;Was sind die Vorteile eines Circuittrainings?;Durch Reduzierung der Pausenzeiten kann auf einfache Weise die Intensität der Trainingseinheit gesteigert werden (hohe Trainingsdichte).;Zeiteinsparung, ein Ganzkörpertraining ist in deutliche kürzerer Zeit durchführbar.;;;;;;;;;;;;;;;;;;;;;;;;;;;;;;;;;;;;;;;;;;;;;;
Workout Coach;Wie kann ein Negativtraining praktisch aussehen im Fitnesstraining?;Bsp. Einarmiger Bizeps-Curl mit Unterstützung der Aufwärtsbewegung (konzentrisch) der Kurzhantel mit der zweiten, freien Hand;Bsp. Bei der Brustpresse durch die Hilfe von Fremdkräften (Person hilft die Stange heben);;;;;;;;;;;;;;;;;;;;;;;;;;;;;;;;;;;;;;;;;;;;;;
Workout Coach;Was ist dir wichtig beim Training der Rotatorenmanchette?;Der Ellbogen muss fixiert, als Punctum fixum gehalten werden. ;Punctum mobile ist der Unterarm und die Hand.;;;;;;;;;;;;;;;;;;;;;;;;;;;;;;;;;;;;;;;;;;;;;;
Workout Coach;Was ist problematisch am Negativtraining?;Durch dieses Prinzip der erzwungenen Überbelastung werden die betroffenen Systemstrukturen im Körper enorm intensiv gefordert, was eine Erhöhung der Regenerationszeit nach sich zieht.;Zudem können Abweichungen von der korrekten Form unter Umständen direkt zu Verletzungen führen.;;;;;;;;;;;;;;;;;;;;;;;;;;;;;;;;;;;;;;;;;;;;;;
Workout Coach;Welche Belastungsvariationen resp. Intensivierungsprinzipien im Krafttraining kennst du?;Negativtraining (Belastung mit mehr als 100% der konzentrischen Kraftfähigkeit);Erzwungene Wiederholungen am Satzende (Partnerhilfe oder reduzieren des Gewichts);Teilwiederholungen;Spitzenkontraktionen;Tempovariationen (super-slow);Vorermüdung (bestimmte Synergisten eines Bewegungsablaufs);;;;;;;;;;;;;;;;;;;;;;;;;;;;;;;;;;;;;;;;;;
Workout Coach;Was ist problematisch am Prinzip der Vorermüdung?;Die vorgängige Ermüdung eines an der Bewegung beteiligten Muskels nimmt auch einen wichtigen Einfluss auf die funktionelle Ausführung einer Übung.;So kann sich die intermuskuläre Koordination diesbezüglich verschlechtern.;;;;;;;;;;;;;;;;;;;;;;;;;;;;;;;;;;;;;;;;;;;;;;
Workout Coach;Was gilt beim Bankdrücken?;Je steiler der Oberkörper, desto mehr wird der obere Brustmuskelanteil trainiert.;Beim Kurzhantel-Bankdrücken kann mit ca. doppelt so viel Gewicht trainiert werden wie bei den Butterflys.;Die Belastung auf die LWS ist beim Bankdrücken mit der Langhantel auf der Flachbank sehr gering, sofern die neutrale Wirbelsäule beibehalten wird.;Je grösser der Winkel zwischen Oberam und Oberkörper, desto grösser ist die Belastung auf das Schultergelenk.;;;;;;;;;;;;;;;;;;;;;;;;;;;;;;;;;;;;;;;;;;;;
Workout Coach;Welche Muskeln sind beim Bankdrücken beteiligt?;M. trizeps brachii und M. pectoralis major;;;;;;;;;;;;;;;;;;;;;;;;;;;;;;;;;;;;;;;;;;;;;;;
Workout Coach;Was ist bei der Kniebeuge in unterschiedlichen Beinpositionen (Spurbreite) immer wichtig?;Dreipunkte-Belastung ist optimal und die Knie zeigen immer in Richtung grosser Zeh;;;;;;;;;;;;;;;;;;;;;;;;;;;;;;;;;;;;;;;;;;;;;;;
Workout Coach;Was ist beim Kreuzheben wichtig?;Die Lordose muss während der ganzen Bewegung stabil gehalten werden.;die Fussdivergenz;die Transversus-Spannung;;;;;;;;;;;;;;;;;;;;;;;;;;;;;;;;;;;;;;;;;;;;;
Workout Coach;Was ist beim Rudern vorgeneigt mit der Langhantel wichtig?;Die Langhantel wird im Obergriff gehalten.;Der Oberkörper ist so weit wie möglich vorgeneigt mit stabiler Lordose, die Knie sind leicht gebeugt und die Dreipunkte-Belastung ist immer gesichert;;;;;;;;;;;;;;;;;;;;;;;;;;;;;;;;;;;;;;;;;;;;;;
Workout Coach;Was ist wichtig bei einem Bizepscurl am Kabelzug mit einer geraden Stange im Untergriff und mit fixiertem Ellbogen neben dem Körper? (der Zug kommt von unten);Die grösste Spannung ist auf dem Muskel ca. im rechten Winkel im Ellbogen-Gelenk wenn man möglichst nahe steht und der Blick zum Kabelzug zeigt.;Die Spannung ist immer dann am grössten, wenn das Zugkabel in einem rechten Winkel zum Unterarm verläuft.;Man muss mit dem Rücken zum Kabelzug stehen, wenn man die grösste Spannung im Bizeps in einem grossen Winkel im Ellbogen-Gelenk haben möchte.;;;;;;;;;;;;;;;;;;;;;;;;;;;;;;;;;;;;;;;;;;;;;
Workout Coach;Was bestimmt die Unterstützungsfläche?;Die Unterstützungsfläche wird bestimmt durch die Körperteile, die den Boden berühren.;;;;;;;;;;;;;;;;;;;;;;;;;;;;;;;;;;;;;;;;;;;;;;;
Stretching Basic;Was ist Beweglichkeit?;Kombination aus Gelenkigkeit und Dehnfähigkeit;;;;;;;;;;;;;;;;;;;;;;;;;;;;;;;;;;;;;;;;;;;;;;;
Stretching Basic;Was sind die Hauptziele von Dehnreiz?;Beweglichkeitserhaltung;Beweglichkeitsverbesserung;;;;;;;;;;;;;;;;;;;;;;;;;;;;;;;;;;;;;;;;;;;;;;
Stretching Basic;Wann gilt eine Dehnung als Dehnung?;Wenn am Bewegungsende ein relevanter Reiz gesetzt wird;;;;;;;;;;;;;;;;;;;;;;;;;;;;;;;;;;;;;;;;;;;;;;;
Stretching Basic;Welche Faktoren bestimmen die individuelle Beweglichkeit?;Genetik;Geschlecht;Gewohnheit;;;;;;;;;;;;;;;;;;;;;;;;;;;;;;;;;;;;;;;;;;;;;
Stretching Basic;Durch welche Faktoren wird der Bewegungsspielraum eines Gelenks bestimmt?;durch die grundlegende Anatomie des Gelenks;neurale Toleranz am Bewegungsende (Dehnfähigkeit);Zugspannung der Bänder im Verlauf der Bewegung;WTH - umliegende Gewebe blockieren eine mögliche Bewegung;;;;;;;;;;;;;;;;;;;;;;;;;;;;;;;;;;;;;;;;;;;;
Stretching Basic;Sind Sehnen dehnbar?;Wenig, die kollagenen Fasern sind zwar wellenförmig angeordnet, die Aufgabe der Sehnen ist jedoch Kraftübertragung (vom Muskelzug auf Skelett) und nicht Elastizität.;;;;;;;;;;;;;;;;;;;;;;;;;;;;;;;;;;;;;;;;;;;;;;;
Stretching Basic;Was ist Gelenkigkeit?;Teilaspekt der Beweglichkeit;Sie wird von der Form und der Bauweise der beteiligten Gelenkstrukturen (Knochen) bestimmt und kann so gut wie nicht verändert werden;;;;;;;;;;;;;;;;;;;;;;;;;;;;;;;;;;;;;;;;;;;;;;
Stretching Basic;Was ist Dehnfähigkeit?;Teilaspekt der Beweglichkeit;Sie setzt sich einerseits aus der neuralen Toleranz und aus der Elastizität der Gewebsstrukturen (Bänder, Sehnen, Muskeln und Nerven) zusammen, welche die Bewegung ermöglichen.;;;;;;;;;;;;;;;;;;;;;;;;;;;;;;;;;;;;;;;;;;;;;;
Stretching Basic;Nenne die möglichen Dehnanwendugen;Vordehnen;Zwischendehnen;Nachdehnen;Beweglichkeits-Training;Therapeutisches Dehnen;;;;;;;;;;;;;;;;;;;;;;;;;;;;;;;;;;;;;;;;;;;
Stretching Basic;Warum sind statische Dehnreize in einem Vordehnungsprogramm nicht sinnvoll?;statisches Dehnen über ca. 10 s, vermindert die Schnellkraftfähigkeit und signalisiert dem Körper Entspannung;Es wird überwiegend das parasympathische Nervensystem angesprochen, was für eine nachfolgende Trainingseinheit / -Leistung wenig sinnvoll ist.;;;;;;;;;;;;;;;;;;;;;;;;;;;;;;;;;;;;;;;;;;;;;;
Stretching Basic;Was ist das Ziel von Nachdehnen?;Die bestehende Beweglichkeit zu erhalten und in die Regeneration überzuleiten.;;;;;;;;;;;;;;;;;;;;;;;;;;;;;;;;;;;;;;;;;;;;;;;
Stretching Basic;Wie wird das Nachdehnen gestaltet?;Gedehnt werden die 5 Pflichtdehnbereiche und sinnvolle Ergänzungen;Dauer: 12 - 90 s;Dehntechnik: bewegt-statisch, intermittierend;Die Intensität der Dehnreize orientiert sich an der vorangehenden Leistung.;Je intensiver die absolvierte Trainingseinheit gestaltet wurde, desto sanfter wird das Nachdehnen ausgeführt.;;;;;;;;;;;;;;;;;;;;;;;;;;;;;;;;;;;;;;;;;;;
Stretching Basic;Welches sind die Pflichtdehnbereiche des Nachdehnens?;Oberschinkelmuskulatur hinten;Oberschinkelmuskulatur vorne;Oberschinkelmuskulatur innen;Brustkorb vorne;Halsmuskulatur hinten und seitlich;plus sportartspezifische Ergänzungen;;;;;;;;;;;;;;;;;;;;;;;;;;;;;;;;;;;;;;;;;;
Stretching Basic;Welche Muskeln brauchen Dehnung?;evolutionsbedingt arbeiten folgende Muskelgruppen überwiegend konzentrisch;Beuger, Innenrotatoren, Adduktoren;;;;;;;;;;;;;;;;;;;;;;;;;;;;;;;;;;;;;;;;;;;;;;
Stretching Basic;Warum sollten nach dem Training gerade die bestehenden 5 Pflichtbereiche gedehnt werden?;Gedehnt werden diejenigen Muskelgruppen, welche im Alltag vorwiegend konzentrisch angesteuert werden (kurz) und so die aufrechte Körperhaltung in die Beugung ziehen.;Ein gutes Krafttraining und ein korrektes Nachdehnen der 5 Pflichtdehnbereiche wirken sich immer positiv auf die Körperhaltung aus.;;;;;;;;;;;;;;;;;;;;;;;;;;;;;;;;;;;;;;;;;;;;;;
Stretching Basic;Was sind wirkungsvolle Dehnreize?;Eine Dehnung ist nur dann wirkungsvoll, wenn der ausgeübte Dehnreiz intensiv genug ist, um eine nachfolgende Anpassung auszulösen.;Dabei dürfen Dehnreize auch bis zur subjektiven, noch knapp angenehmen, Schmerzempfindung gesetzt werden.;Je regelmässiger mit sinnvoller Intensität gedehnt wird, desto schneller passt sich auch das neurale System den neuen Bedingungen an.;;;;;;;;;;;;;;;;;;;;;;;;;;;;;;;;;;;;;;;;;;;;;
Stretching Basic;Was ist bewegt-statisches Dehnen?;;;;;;;;;;;;;;;;;;;;;;;;;;;;;;;;;;;;;;;;;;;;;;;;
Stretching Basic;Nenne unterschiedliche Dehntechniken;aktives-passives Dehnen;dynamisches Dehnen;Statisches Dehnen;bewegt-statisches Dehnen;Anspannungs-Entspannungs-Dehnen;"intermitierendes Dehnen = Methode, bei der eine Dehnposition langsam eingenommen, kurz gehalten, kurz gelöst und anschliessend wiederholt wird; oftmals bis in eine erweiterte Endposition";;;;;;;;;;;;;;;;;;;;;;;;;;;;;;;;;;;;;;;;;;
Stretching Basic;Was ist die 'neurale Toleranz' während der Dehnung?;das subjektive Schmerzempfinden bei einer Dehnung;;;;;;;;;;;;;;;;;;;;;;;;;;;;;;;;;;;;;;;;;;;;;;;
Stretching Basic;Was ist bei der Positionierung der Brustkorb-Dehnung am Wichtigsten?;kein Dehnstress auf die Schultergelenkskapsel;;;;;;;;;;;;;;;;;;;;;;;;;;;;;;;;;;;;;;;;;;;;;;;
Stretching Basic;Warum ist die Brustkorb-Dehnung so wichtig und wertvoll?;Körperhaltung und Schulterplatzierung;Atmung - Atmungstiefe, Atemkraft;;;;;;;;;;;;;;;;;;;;;;;;;;;;;;;;;;;;;;;;;;;;;;
Stretching Basic;Aufbau Ischio Dehnung: Warum muss die Ischio Dehnung mit leicht gebeugtem Knie und entspanntem Fuss aufgebaut werden?;Um eine relevante Dehnung der Ischios zu generieren, muss das Becken gekippt werden. Dies ist (speziell am Anfang) nur mit leicht gebeugtem Knie möglich.;Der Fuss soll entspannt (bzw. ohne Flexfuss) liegen damit kein Zug auf den Ischiasnerv entsteht, welcher eine korrekte Beckenplatzierung und Dehnreiz auf die muskulär- bindegewebigen Anteile der Ischios verhindert.;;;;;;;;;;;;;;;;;;;;;;;;;;;;;;;;;;;;;;;;;;;;;;
Stretching Basic;Was ist bei Dehnung der Ischio's am Wichtigsten?;Der Dehnreiz darf nicht als erstes auf den Ischias-Nerv ausgeübt werden.;;;;;;;;;;;;;;;;;;;;;;;;;;;;;;;;;;;;;;;;;;;;;;;
Stretching Basic;Wie wird der Dehnreiz in der Ischio-Dehnung verstärkt?;über die Beckenkippung;;;;;;;;;;;;;;;;;;;;;;;;;;;;;;;;;;;;;;;;;;;;;;;
Stretching Basic;Mit welcher Bewegung wird die Ischio-Dehnung verstärkt?;Beckenkippung;;;;;;;;;;;;;;;;;;;;;;;;;;;;;;;;;;;;;;;;;;;;;;;
Stretching Basic;Nenne die Beckenbewegung;aufrichten und kippen;Die Beckenbewegung in der Flexions-Extensions-Ebene heisst aufrichten (führt zu Ent-Lordosierung) und kippen (führt zu mehr Lordose).;;;;;;;;;;;;;;;;;;;;;;;;;;;;;;;;;;;;;;;;;;;;;;
Stretching Basic;Nenne die verschiedenen Beckenpositionen;Beckenaufrichtung;Becken neutral;Becken-Kippung (Sitzbeinhöcker nach hinten);;;;;;;;;;;;;;;;;;;;;;;;;;;;;;;;;;;;;;;;;;;;;
Sensomotorik;Was bedeutet der Begriff Senso-Motorik?;= die Wahrnehmungsfähigkeit gekoppelt mir der Bewegungssteuerungsfähigkeit;= Afferenz-Efferenz Feedback;;;;;;;;;;;;;;;;;;;;;;;;;;;;;;;;;;;;;;;;;;;;;;
Sensomotorik;Was bedeutet sensomotorische Training?;Das reibungslose Zusammenspiel zwischen Sinneswahrnehmungen (Sensorik) und Muskelbewegung (Motorik). Die Fähigkeit des Körper Sinneseindrücke zu verarbeiten und darauf sofort mit gezielten, koordinierten Bewegungen zu reagieren.;Sensorik = Reizaufnahme über Rezeptoren und deren Weiterleitung und Verarbeitung zum bzw. im ZNS;Motorik = Antwort auf die Signale vom ZNS an die Muskulatur und deren Umsetzung in Bewegung;Training = Leistungsverbesserung durch gezielte Übungen (sensomotorische Zusatzreize);;;;;;;;;;;;;;;;;;;;;;;;;;;;;;;;;;;;;;;;;;;;
Sensomotorik;Was sind die Ziele und Effekte von sensomotorischen Zusatzreizen / sensomotorischen Übungen?;Gleichgewichtverbesserung;Verbesserung der globalen Stabilisation;Verbesserung der intermuskulären Koordination;Verbesserung der intramuskulären Koordination;Verbesserung der Reaktionsfähigkeit;Abbau von Ängsten;Sturzprophylaxe;;;;;;;;;;;;;;;;;;;;;;;;;;;;;;;;;;;;;;;;;
Sensomotorik;Nenne 3 unterschiedliche labile Trainingsgeräte;Aero Step XL;gerollte Matte;Dynair XXL;Powerball;Airex Balance-Pad;Jumper;;;;;;;;;;;;;;;;;;;;;;;;;;;;;;;;;;;;;;;;;;
Sensomotorik;Nenne 2 instabile Trainingsgeräte;Pozzi Board;Ballanza, Ballstep;Sypoba;;;;;;;;;;;;;;;;;;;;;;;;;;;;;;;;;;;;;;;;;;;;;
Sensomotorik;Was ist die Aufgabe des Nervensystems?;;;;;;;;;;;;;;;;;;;;;;;;;;;;;;;;;;;;;;;;;;;;;;;;
Sensomotorik;Wie lässt sich das Nervensystem unterteilen?;;;;;;;;;;;;;;;;;;;;;;;;;;;;;;;;;;;;;;;;;;;;;;;;
Sensomotorik;Was gehört zum ZNS?;;;;;;;;;;;;;;;;;;;;;;;;;;;;;;;;;;;;;;;;;;;;;;;;
Sensomotorik;Was gehört zum PNS?;;;;;;;;;;;;;;;;;;;;;;;;;;;;;;;;;;;;;;;;;;;;;;;;
Sensomotorik;Was ist das Rückenmark?;;;;;;;;;;;;;;;;;;;;;;;;;;;;;;;;;;;;;;;;;;;;;;;;
Sensomotorik;Wie ist ein motorischer Nerv aufgebaut?;Neuron (Nerv);Zellkörper mit Zellkern (Soma);Axonhügel;Axon (Neurit) = Nervenzellenfortsatz;Myelinscheide (Isolationsschickt des Axons);Ranvier Schnürringe;Dendriten;Motorische Endplatte;;;;;;;;;;;;;;;;;;;;;;;;;;;;;;;;;;;;;;;;
Sensomotorik;Was ist die Synapse?;Eine chemische Synapse ist die Kontaktstelle zur Erregungsübertragung zwischen Nervenzellen oder Muskelzellen und besteht im Wesentlichen aus drei Hauptkomponenten: Präsynapse (Sender), synaptischer Spalt (Zwischenraum), Postsynapse (Empfänger);;;;;;;;;;;;;;;;;;;;;;;;;;;;;;;;;;;;;;;;;;;;;;;
Sensomotorik;Wie lässt sich das zentrale Nervensystem unterteilen?;somatisches, animalisches Nervensystem (sensomotorisches NS);vegetatives Nervensystem (Sympaticus, Parasympaticus);;;;;;;;;;;;;;;;;;;;;;;;;;;;;;;;;;;;;;;;;;;;;;
Sensomotorik;Welche Aufgaben übernimmt das Grosshirn im ZNS?;Das Grosshirn ist der Sitz des Bewusstseins.;Es verarbeitet Sinneseindrücke, steuert Bewegungsabläufe und ist zuständig für bewusste Empfindungen, Handlungen, Wille, Kreativität und Gedächtnis.;;;;;;;;;;;;;;;;;;;;;;;;;;;;;;;;;;;;;;;;;;;;;;
Sensomotorik;Wie heissen die zum Gehirn zuführenden Nervenbahnen?;afferente Nervenbahnen;;;;;;;;;;;;;;;;;;;;;;;;;;;;;;;;;;;;;;;;;;;;;;;
Sensomotorik;Wie heissen die vom Gehirn wegführenden Nervenbahnen?;efferente Nervenbahnen;;;;;;;;;;;;;;;;;;;;;;;;;;;;;;;;;;;;;;;;;;;;;;;
Sensomotorik;Wie nennt man das Zusammenspiel von zuführenden und wegführenden Impulsen?;;;;;;;;;;;;;;;;;;;;;;;;;;;;;;;;;;;;;;;;;;;;;;;;
Sensomotorik;Wo docken die Synapsen an?;;;;;;;;;;;;;;;;;;;;;;;;;;;;;;;;;;;;;;;;;;;;;;;;
Sensomotorik;Was ist eine motorische Einheit?;;;;;;;;;;;;;;;;;;;;;;;;;;;;;;;;;;;;;;;;;;;;;;;;
Sensomotorik;Die motorische Einheit arbeitet nach dem 'Alles oder nichts-Prinzip'. Was bedeutet das?;;;;;;;;;;;;;;;;;;;;;;;;;;;;;;;;;;;;;;;;;;;;;;;;
Sensomotorik;Wie lässt sich das vegetative Nervensystem unterteilen?;Sympaticus;Parasympaticus;;;;;;;;;;;;;;;;;;;;;;;;;;;;;;;;;;;;;;;;;;;;;;
Sensomotorik;Was ist der Sympaticus?;;;;;;;;;;;;;;;;;;;;;;;;;;;;;;;;;;;;;;;;;;;;;;;;
Sensomotorik;Was ist der Parasympaticus?;;;;;;;;;;;;;;;;;;;;;;;;;;;;;;;;;;;;;;;;;;;;;;;;
Sensomotorik;Was ist die Aufgabe des vegetativen Nervensystems?;;;;;;;;;;;;;;;;;;;;;;;;;;;;;;;;;;;;;;;;;;;;;;;;
Sensomotorik;Unterschiedliche Systeme im Körper benötigen unterschiedliche lange für Trainingsanpassungen. Ordne die Struktur, mit dem sich am schnellst erholenden bis zum langsamsten erholenden (1 - 5);;;;;;;;;;;;;;;;;;;;;;;;;;;;;;;;;;;;;;;;;;;;;;;;
Sensomotorik;Welche Auswirkungen zeigt die Ermüdung im Training?;;;;;;;;;;;;;;;;;;;;;;;;;;;;;;;;;;;;;;;;;;;;;;;;
Sensomotorik;Sensibilität - Tiefensensibilität - was ist das?;Sensibilität und Tiefensensibilität beschreiben die Fähigkeit Veränderungen in der Umwelt oder im Körperinnern wahrzunehmen.;Diese Sinneswahrnehmungen werden über einzelne Sinneszellen (Rezeptoren) oder dafür zuständige Organe (Bsp. Das Gleichgewichtsorgan) vermittelt.;;;;;;;;;;;;;;;;;;;;;;;;;;;;;;;;;;;;;;;;;;;;;;
Sensomotorik;Je häufiger und je komplexer das Nervensystem gefordert wird, desto optimaler entwickelt es sich. Abwechslungsreiche Reize mit vielen sensiblen und sensorischen Anteilen sind ideal für die Verbesserung. Zähle 3 sensorische-sensible Analysatoren und 3 sensorische Reize auf;sensorische Reize = sehen, hören, riechen, schmecken;sensible Reize = Druck, Temperatur, Schmerz;;;;;;;;;;;;;;;;;;;;;;;;;;;;;;;;;;;;;;;;;;;;;;
Sensomotorik;Welche 3 Analysatoren sind für das sensomotorische Training und das Gleichgewicht am wichtigsten?;Auge - optischer Analysator;Innenohr - vestibulär Analysator;Muskel und Bewegung - kinästhetischer Analysator;;;;;;;;;;;;;;;;;;;;;;;;;;;;;;;;;;;;;;;;;;;;;
Sensomotorik;Wie kann der optische Analysator (Auge) im sensomotorischen Training eingesetzt werden?;schnelle Kopf - Augenbewegung;Augen schliessen;;;;;;;;;;;;;;;;;;;;;;;;;;;;;;;;;;;;;;;;;;;;;;
Sensomotorik;Wie kann das Gleichgewichtsgefühl im Training optimal verbessert werden?;Verkleinerung der Unterstützungsfläche;Augen schliessen;labile Unterlage;instabile Unterlage;;;;;;;;;;;;;;;;;;;;;;;;;;;;;;;;;;;;;;;;;;;;
Sensomotorik;Was sind die Effekte des sensomotorischen Trainings?;Strukturveränderung von Nerven und Synapsen;Verbesserung der Informationsverarbeitung;Schnellere Aktivierung motorischer Einheiten;Verbesserung des Gleichgewichts;Verbesserung der intermuskulären Koordination;Verbesserung der intramuskulären Koordination;Verbesserung des Gelenkschutzes;Abbau von Angst und störenden 'Angst-Bewegungs-Mustern';;;;;;;;;;;;;;;;;;;;;;;;;;;;;;;;;;;;;;;;
Sensomotorik;Wann wird von labilen und instabilen Unterlagen im Training abgeraten?;bei hohen und maximalen Kraftreizen;;;;;;;;;;;;;;;;;;;;;;;;;;;;;;;;;;;;;;;;;;;;;;;
Sensomotorik;Wann muss ein Training mit labilen und instabilen Übungen abgebrochen werden?;bei grosser Ermüdung / Ausweichbewegungen;bei Übelkeit;bei Schwindel;;;;;;;;;;;;;;;;;;;;;;;;;;;;;;;;;;;;;;;;;;;;;
Sensomotorik;Wie muss der korrekte Aufbau von Gleichgewichts-Übungen aussehen?;vom Einfachen zum Schwierigen;von grosser zu kleiner Unterstützungsfläche;von 2-Bein-Stand zu 1-Bein-Stand;von stabil zu labil / instabil;vom Statischen zum Dynamischen;;;;;;;;;;;;;;;;;;;;;;;;;;;;;;;;;;;;;;;;;;;
Sensomotorik;Bezeichne die Nervenbahnen / System der Afferenz und Efferenz;1 Afferenz = Informationen Richtung Zentrale;2 Efferenz = Reaktion oder Bewegungsaufgabe;3 Reafferenz / Feedback = Rückmeldung Richtung Zentrale;;;;;;;;;;;;;;;;;;;;;;;;;;;;;;;;;;;;;;;;;;;;;
Sensomotorik;Welche Aufgaben können Hormone nicht lösen?;Bekämpfen von Krankheitserregern;;;;;;;;;;;;;;;;;;;;;;;;;;;;;;;;;;;;;;;;;;;;;;;
Gesundheitsförderung und Lebensstilintervention;Nenne die 3 Schlafphasen;Leichtschlaf;Tiefschlaf;REM-Schlaf (Traumschlaf);;;;;;;;;;;;;;;;;;;;;;;;;;;;;;;;;;;;;;;;;;;;;
Gesundheitsförderung und Lebensstilintervention;Nenne 2 Schlafförderer;Hemmer: Stress, intensives Training nach 20:00, schwere Mahlzeiten am Abend, blaue Bildschirme (TV, PC, iPhone) vor dem Schlafen;;;;;;;;;;;;;;;;;;;;;;;;;;;;;;;;;;;;;;;;;;;;;;;
Gesundheitsförderung und Lebensstilintervention;Nenne 2 Schlafhemmer;Rituale für das Schlafengehen (Tee, lesen, möglichst gleiche Schlafzeit), gedämpftes Licht ab 21 Uhr (noch besser Kerzenlicht), leichte Mahlzeiten am Abend, leichter Abendspaziergang, kühle Raumluft im Schlafzimmer (ca. 18 Grad);;;;;;;;;;;;;;;;;;;;;;;;;;;;;;;;;;;;;;;;;;;;;;;
Gesundheitsförderung und Lebensstilintervention;Wie lange sollte ein Mittagsschlaf sein?;Leichtschlaf 10 - 20 min;nicht in Tiefschlafphase fallen (Schlüsselbund Wecker);;;;;;;;;;;;;;;;;;;;;;;;;;;;;;;;;;;;;;;;;;;;;;
Gesundheitsförderung und Lebensstilintervention;Warum ist das Einschlafen vor Mitternacht empfohlen?;zwischen 23:00 und 03:00 Uhr sind die Wachstumshormone am Aktivsten;;;;;;;;;;;;;;;;;;;;;;;;;;;;;;;;;;;;;;;;;;;;;;;
Gesundheitsförderung und Lebensstilintervention;Weshalb ist der Schlaf so wichtig?;wichtigste Regenerationsphase;Erholung von den Eindrücken des Tages, unwichtiges wird aussortiert - wichtiges mit anderem Wichtigen in Verbindung gebracht.;"gelerntes wird gefestigt und verfügbar gemacht; Wissen";motorische und emotionale Intelligenz ausgebaut;Ausschüttung von Wachstumshormonen;Körperzellen werden erneuert und repariert;Mangel an Erholung führt zu einem Mangel an Erholungsfähigkeit;;;;;;;;;;;;;;;;;;;;;;;;;;;;;;;;;;;;;;;;;
Gesundheitsförderung und Lebensstilintervention;Welche Hormone sind direkt am Schlaf beteiligt?;Melatonin (Schlaf- und Grübelhormon);"Cortisol (steigt ab 03:00 nachts langsam an; weckt und wechselt den Körper von der Erholung zur 'Leistung'";Wachstumshormone (Zellerneuerung);;;;;;;;;;;;;;;;;;;;;;;;;;;;;;;;;;;;;;;;;;;;;
Gesundheitsförderung und Lebensstilintervention;In welcher Phase ist es am einfachsten zu erwachen?;Leichtschlafphase;;;;;;;;;;;;;;;;;;;;;;;;;;;;;;;;;;;;;;;;;;;;;;;
Gesundheitsförderung und Lebensstilintervention;Wieviele Stunden Schlaf sind empfehlenswert?;min 5 h, besser 7 - 9 h;Schlafbedarf ist sehr individuell;;;;;;;;;;;;;;;;;;;;;;;;;;;;;;;;;;;;;;;;;;;;;;
Gesundheitsförderung und Lebensstilintervention;Weshalb ist der Schlaf für Kinder besonders wichtig?;Das Wachstum findet vor allem im Tiefschlaf statt.;Die Gehirnentwicklung findet vor allem in der REM-Schlafphase statt.;;;;;;;;;;;;;;;;;;;;;;;;;;;;;;;;;;;;;;;;;;;;;;
Gesundheitsförderung und Lebensstilintervention;Was passiert in der Tiefschlafphase?;Ausschüttung von Wachstumshormonen;Bildung neuer Körperzellen;Regeneration der Gewebe;Körperliche Regeneration;idealerweise 5 Tiefschlafphasen pro Nacht;;;;;;;;;;;;;;;;;;;;;;;;;;;;;;;;;;;;;;;;;;;
Gesundheitsförderung und Lebensstilintervention;Was passiert in der REM-Phase (Traumschlafphase?;Augenlider zucken;Blutdruck, Herzfrequenz, Atmung ist erhöht;Erholung von den Eindrücken des Tages;unwichtiges wird aussortiert - wichtiges mit anderem Wichtigen in Verbindung gebracht;Gelerntes wird gefestigt / verfügbar gemacht - Wissen;Motorische und emotionale Intelligenz;Phasen sind zu Beginn des Schlafes kürzer und werden dann länger, idealerweise 5 REM-Phasen pro Nacht;;;;;;;;;;;;;;;;;;;;;;;;;;;;;;;;;;;;;;;;;
Gesundheitsförderung und Lebensstilintervention;Was passiert in der Leichtschlafphase?;nötig als Übergang;beste Zeit zum Aufwachen;;;;;;;;;;;;;;;;;;;;;;;;;;;;;;;;;;;;;;;;;;;;;;
Gesundheitsförderung und Lebensstilintervention;Was sind die grössten Lebensstilunterschiede von heute zu früher?;Technik;Ernährung;Bewegung;;;;;;;;;;;;;;;;;;;;;;;;;;;;;;;;;;;;;;;;;;;;;
Gesundheitsförderung und Lebensstilintervention;Was bedeutet der Begriff 'Mismatch disease'?;Krankheiten, welche durch die Diskrepanz der menschlichen Biologie und des Lebensstils entstehen (NCD's = nicht übertragbare Krankheiten);;;;;;;;;;;;;;;;;;;;;;;;;;;;;;;;;;;;;;;;;;;;;;;
Gesundheitsförderung und Lebensstilintervention;Nenne 5 typische Lebensstilerkrankungen;Übergewicht (ab einem bestimmten BMI oder Bauchumfang);Bluthochdruck;Diabetes mellitus Typ 2;Metabolisches Syndrom (Kombination Bauchfett, Bluthochdruck, mit gestörtem Zuckerstoffwechsel und gestörtem Fettstoffwechsel);Muskuloskelettale Erkrankung aufgrund psychischer Inaktivität, erhöhter Cholestrinwert;;;;;;;;;;;;;;;;;;;;;;;;;;;;;;;;;;;;;;;;;;;
Gesundheitsförderung und Lebensstilintervention;Welches sind die zwei Bewertungssysteme des Gehirns?;das Rationale, Bewusste System / präfrontaler Cortex (hoher Weg / Verstand / sensorischer Cortex) - langsamer aber präziser, logisch;das Unbewusste / lymbische System ('Bauchgefühl' / direkte Bahn / niedriger Weg) - schnell aber ungenau, filtert potenziell gefährliche Reize;;;;;;;;;;;;;;;;;;;;;;;;;;;;;;;;;;;;;;;;;;;;;;
Gesundheitsförderung und Lebensstilintervention;Was ist der Thalamus?;Zentrale release Station des Gehirns und wird als Tor zum Bewusstsein bezeichnet, fungiert als übergeordneter Filter für fast alle Sinneseindrücke bevor diese die beiden Bewertungssysteme überhaupt erreichen. Der Thalamus übernimmt eine Schlüsselrolle bei der Weiterleitung der Information an die beiden Systeme. ;empfängt alle emotionalen Reize;Schnittstelle aller Sinnesorgane (ausser dem Geruchsinn);Kann alle Sinneswahrnehmungen ausschalten;;;;;;;;;;;;;;;;;;;;;;;;;;;;;;;;;;;;;;;;;;;;
Gesundheitsförderung und Lebensstilintervention;Was ist die Amygdala?;"Zentraler Teil des lymbischen Systems; liegt im Schläfenlappen und spielt als emotionales Bewertungssystem eine entscheidende Rolle bei der Entstehung von Gefühlen (insbesondere Angst) und der schnellen Erkennung von Gefahren.";Angstzentrum;sorgt für die emotionale Einfärbung;erkennen von Gesichtern;Analyse des Gefährdungspotentials;Beeinflusst Bewusstsein - umgekehrt praktisch nicht möglich;;;;;;;;;;;;;;;;;;;;;;;;;;;;;;;;;;;;;;;;;;
Gesundheitsförderung und Lebensstilintervention;Was ist das limbische System?;Eine funktionelle Einheit im Gehirn, besteht aus einer Gruppe miteinander verschalteter Strukturen, diese liegen ringförmig um den Hirnstamm und den Balken.;"Emotionsregulation (Steuerung von Gefühlen wie Angst, Wut, Trauer, Liebe, Lust, Anerkennung); Gedächtnisbildung (Überführung von Erlebnissen aus dem Kurzzeit- in das Langzeitgedächtins); Triebverhalten (Kontrolle von Überlebensinstinkten, Nahrungsaufnahme, Sexualtrieb und Motivation); vegetative Steuerung (Einfluss auf Blutdruck, Herzfrequenz und Atmung als Reaktion auf Emotionen)";"Stammesgeschichtlich sehr alter Teil des Gehirns; Verarbeitung von Emotionen; Enstehung von Triebverhalten; vegetative Regulation der Nahrungsaufnahme, Verdauung; Fortpflanzung; Ausschüttung von Endorphinen (körpereigene Opioide)";;;;;;;;;;;;;;;;;;;;;;;;;;;;;;;;;;;;;;;;;;;;;
Gesundheitsförderung und Lebensstilintervention;Was sind Emotionen?;Eine komplexe psycho-physiologische Reaktion unseres Körpers auf bestimmte Reize. Sie dient dazu unsere Aufmerksamkeit zu fokussieren, Handlungen zu steuern und uns an unsere Umwelt anzupassen.;Psychische Prozesse, die durch äussere Reize ausgelöst werden und eine Handlungsbereitschaft zur Folge haben.;;;;;;;;;;;;;;;;;;;;;;;;;;;;;;;;;;;;;;;;;;;;;;
Gesundheitsförderung und Lebensstilintervention;Was ist das Zürcher Ressourcenmodell 'ZRM'?;Ein Selbstmanagement-Training, von Dr. Frank Krause und Dr. Maja Storch entwickelt.;Es besteht aus einer Auswahl an Instrumenten zur Zielerreichung: Rubikon-Prozess, Selbstmanagement, Ressourcenaktivierung, Somatische Marker, Ideenkorb, Meditative Elemente, Handlungswirksame Ziele.;;;;;;;;;;;;;;;;;;;;;;;;;;;;;;;;;;;;;;;;;;;;;;
Gesundheitsförderung und Lebensstilintervention;(Was ist der Rubikon-Prozess?);Ausdruck den 'Rubikon überschreiten' steht als Methapher, sich unwiderruflich auf eine Handlung einzulassen, trotz bestehender Risiken.;Bedürfnis: Ein oft unbewusster Wunsch oder ein vages Unbehagen mit der aktuellen Situation ('irgendetwas ist da, ich weiss nicht recht was');Motiv: Ein ausformulierter Wunsch, der aber noch nicht handlungswirksam ist ('es wäre schön, wenn…');Intention: ein handlungswirksames Ziel ('ich will');Präaktionale Vorbereitung: sich selbst in die Lage versetzen zielorientiert zu handeln ('ich will und ich kann');Handlung: so handeln, dass man darin das gefasste Ziel realisiert ('ich packs');Zusammengefasst: abwägen, planen, handeln, bewerten;;;;;;;;;;;;;;;;;;;;;;;;;;;;;;;;;;;;;;;;;
Gesundheitsförderung und Lebensstilintervention;Die 5 Phasen der Zürcher Ressourcenmodells (selbst recherchiert);1. Vom Bedürfnis zum Motiv: Erkennen von unbewussten Bedürfnissen und somatischen Markern (Körperempfindungen).;"2. Vom Motiv zum Ziel: Formulierung sogenannter Motto-Ziele, die das emotionale Erfahrungsgedächtnis ansprechen. (Bsp. Bewege mich kraftvoll und leicht, wie ein Panther; bin der Fels in der Brandung)";3. Vom Ziel zum Ressourcenpool: Aufbau eines inneren Reservoirs an Stärken und Fähigkeiten.;4. Von der Haltung zur Handlungsebene: Vorbereitung der Umsetzung im Alltag durch sogenannte 'Wenn-dann-Pläne' (Implementation Intentions).;5. Von der Handlung zur Integration: Verankerung des neuen Verhaltens.;;;;;;;;;;;;;;;;;;;;;;;;;;;;;;;;;;;;;;;;;;;
Gesundheitsförderung und Lebensstilintervention;Was ist ein somatischer Marker?;Eine automatische Körperreaktion als Signal der emotionalen Befindlichkeit.;Er wirkt beispielsweise als Startsignal für eine Handlung oder auf unbewusster Ebene als Alarmsignal und Vorwarnung. Bsp. Herzklopfen, Bauchgefühl, Kloss im Hals);;;;;;;;;;;;;;;;;;;;;;;;;;;;;;;;;;;;;;;;;;;;;;
Gesundheitsförderung und Lebensstilintervention;Was ist ein handlungswirksames Ziel?;Ein Ziel, das so präzise formuliert und verankert ist, dass es eine Person direkt zum konkreten Handeln bewegt.;Ein Ziel soll ein Annäherungsziel sein, kein Vermeidungsziel.;Ein Ziel soll vollständig unter der eigenen Kontrolle sein.;Das Ziel soll demjenigen, der es verfoglt, ein gutes Gefühl geben (positive somatische Marker).;SMART: Spezifisch, Messbar, Attraktiv, Realistisch, Terminiert;;;;;;;;;;;;;;;;;;;;;;;;;;;;;;;;;;;;;;;;;;;
Gesundheitsförderung und Lebensstilintervention;Was ist der Unterschied zwischen Selbstregulation und Selbstkontrolle?;Selbstregulation: Das bewusste Denken und die somatischen Marker sind der gleichen Meinung.;Selbstkontrolle ('Schweinehund'):  Das bewusste Denken und die somatischen Marker sind nicht der gleichen Meinung.;;;;;;;;;;;;;;;;;;;;;;;;;;;;;;;;;;;;;;;;;;;;;;
Cardio Coach;Wie lautet die Definition von Ausdauer?;Die Widerstandsfähigkeit des Organismus gegen Ermüdung und die rasche Widerherstellungsfähigkeit nach der Belastung.;;;;;;;;;;;;;;;;;;;;;;;;;;;;;;;;;;;;;;;;;;;;;;;
Cardio Coach;Wie lässt sich Ausdauer weiter unterteilen?;nach Stoffwechsel: in aerobe und anaerobe Ausdauer;nach Beteiligung: in lokale und allgemeine Ausdauer;nach Ziel: in allgemeine und spezielle Ausdauer;;;;;;;;;;;;;;;;;;;;;;;;;;;;;;;;;;;;;;;;;;;;;
Cardio Coach;Was ist das Ziel eines regelmässigen Ausdauertrainings?;Ziel ist die beschränkenden Systemlimiten positiv zu beeinflussen und somit die individuelle (Ausdauer-) Leistungsfähigkeit zumindest zu erhalten oder zu verbessern.;;;;;;;;;;;;;;;;;;;;;;;;;;;;;;;;;;;;;;;;;;;;;;;
Cardio Coach;Welches ist die sicherste Vorsorgemassnahme nach heutigem Wissenstand;Primärprävention;;;;;;;;;;;;;;;;;;;;;;;;;;;;;;;;;;;;;;;;;;;;;;;
Cardio Coach;Welche Gesundheits-Effekte kann ein regelmässiges Ausdauertraining bewirken?;Verringerung der Systemlimiten;erhöhte physische Belastbarkeit (Einfluss auf andere Konditionsfaktoren);bessere Regenerationsfähigkeit, schnellere Erholung;Prävention im Hinblick auf das Herz-Kreislaufsystem;Reduzierung der Risikofaktoren Herz-Kreislauf-Erkrankungen (Bluthochdruck, Blutfettwerte);Reduktion des Körperfettanteils (speziell in Kombination mit Krafttraining und Ernährungsumstellung);Erhöhte psychische Belastbarkeit (Stressresistenz, Ermüdungswiderstandsfähigkeit);Bewegung, Spass, Abwechslung (soziale Komponenten);verbessertes Wohlbefinden (Bsp. Schlafqualität, Eigenwahrnehmung);;;;;;;;;;;;;;;;;;;;;;;;;;;;;;;;;;;;;;;
Cardio Coach;Welche Methoden lassen sich im Ausdauertraining unterscheiden?;Dauermethode;Intervallmethode;;;;;;;;;;;;;;;;;;;;;;;;;;;;;;;;;;;;;;;;;;;;;;
Cardio Coach;Nenne Trainingsfehler im Hinblick auf langfristige Zielsetzungen;Der Trainingsumfang wird gegenüber bereits bewältigter Grössenordnungen vermindert.;Die Intensivierung ohne ausreichendes Basistraining, es wird zu oft und zu intensiv trainiert.;Die Frequenz intensiver Belastungen ist zu hoch (auch Wettkämpfe).;Die Belastung wird nicht systematisch und im Verlauf des Jahres gesteigert und periodisiert.;schlecht getimte Belastungsspitzen im Training;Die Belastungs- und Trainingssteuerung wird nicht beherrscht.;Mangelnde Trainingsdokumentation behindert die Beurteilung von Erfolg und Misserfolg.;;;;;;;;;;;;;;;;;;;;;;;;;;;;;;;;;;;;;;;;;
Cardio Coach;Was ist Stoffwechsel-Flexibilität und warum ist diese so wichtig?;Dies bezeichnet die Fähigkeit der Mitochondrien zwischen Energiesubstraten zu switchen (Wechsel Zucker-Modus zu Fett-Modus und umgekehrt).;Jeder Mensch, der gesund sein möchte, ist auf eine möglichst hohe Anzahl Mitochondrien angewiesen, die möglichst effizient zwischen den Energiesubstraten wechseln können.;;;;;;;;;;;;;;;;;;;;;;;;;;;;;;;;;;;;;;;;;;;;;;
Cardio Coach;Was für Energiequellen kennst du?;ATP;Kreatinphosphat;Glukose;Fett;;;;;;;;;;;;;;;;;;;;;;;;;;;;;;;;;;;;;;;;;;;;
Cardio Coach;Wo findet der aerobe und der anaerobe Stoffwechsel statt?;aerob: in den Mitochondrien der Zelle;anaerob: im Zellplasma der Zellen;;;;;;;;;;;;;;;;;;;;;;;;;;;;;;;;;;;;;;;;;;;;;;
Cardio Coach;Was ist die Definition von Energie? Was für eine Fähigkeit hat der Muskel?;Die Fähigkeit eines Systems Arbeit zu leisten.;Der Muskel hat die Fähigkeit chemische Energie (ATP) in mechanische Energie (Bewegung) umzuwandeln.;;;;;;;;;;;;;;;;;;;;;;;;;;;;;;;;;;;;;;;;;;;;;;
Cardio Coach;Was definiert Borg?;Die Borg Skala ermittelt das persönliche Anstrengungsempfinden.;Die Originalskala geht von 6 - 20.;"Aufwärmen / Regeneration:   6 = überhaupt keine Anstrengung (20 %); 7 extrem leicht (30 %); 8 = (40 %); 9 = sehr leicht (50 %); 10 (55 %)";"Grundlagen- / Zielzone: 11 = leicht (60 %); 12 optimaler Trainingsbereich (65 %); 13 = etwas schwer (70 %); 14 = (80 %); 15 = schwer (80 %)";Intensives Training / Stehvermögen: 16 = (85 %);;;;;;;;;;;;;;;;;;;;;;;;;;;;;;;;;;;;;;;;;;;
Cardio Coach;Was ist Training?;Ein gezielter, geplanter und dynamischer Prozess mit dem Ziel der Steigerung oder zumindest der Erhaltung sowohl der physischen als auch der psychischen Leistungsfähigkeit;;;;;;;;;;;;;;;;;;;;;;;;;;;;;;;;;;;;;;;;;;;;;;;
Cardio Coach;Was ist Superkompensation?;Ein grundlegendes biologisches Prinzip, nach welchem der menschliche Körper auf einwirkende (Trainings-) Belastungen reagiert (=überschiessende Wiederherstellung).;;;;;;;;;;;;;;;;;;;;;;;;;;;;;;;;;;;;;;;;;;;;;;;
Cardio Coach;Beschreibe in Worten das Prinzip der Superkompensation;Der Mensch befindet sich mit seiner Umwelt in einem dynamischen Gleichgewicht (Homöostase).;Wird die Homöostase nun intensiv gesört, Bsp. Krafttraining, so führt dies vermehrt zum Abbau körpereigener Substanzen und somit zum Abfall des aktuellen Leistungsniveaus. ;Um auf eine wiederholte Reizeinwirkung vorbereitet zu sein, reagiert der Organismus. nicht nur mit einem Substanzaufbau bis zur Ausgangskapazität, sondern mit einer Wiederherstellung, welche über das ursprüngliche Leistungsniveau hinausgeht.;Es erfolgt somit eine Überkompensaation (Superkompensation), d.h. ein Substanzzuwachs und letztlich eine Leistungssteigerung.;;;;;;;;;;;;;;;;;;;;;;;;;;;;;;;;;;;;;;;;;;;;
Cardio Coach;Was ist das Übertrainingssyndrom?;Eine Vernachlässigung der Erholungsprozesse über längere Zeit hinweg, welche zur Anhäufung der Ermüdungseffekte führt und so zu einer deutlich negativen Leistungsbilanz mit krankheitswertigen Folgesymptomen.;;;;;;;;;;;;;;;;;;;;;;;;;;;;;;;;;;;;;;;;;;;;;;;
Cardio Coach;Welche Ursachen kann ein Übertraining haben?;zu hohe Intensität;zu kurze Pausen;Trainingsquantität zu hoch;Stress, Konflikte (privat, beruflich);Überforderung;Ernährungsfehler;Doping;Krankheit;;;;;;;;;;;;;;;;;;;;;;;;;;;;;;;;;;;;;;;;
Cardio Coach;Wie kann ein Übertraining behandelt werden?;Pause;Anpassung der Trainingsintensität- und häufigkeit;Aktive Erholung;Passive Erholung;Physikalische Therapie;Bäder, Sauna, Massagen;Medizinische Therapie;;;;;;;;;;;;;;;;;;;;;;;;;;;;;;;;;;;;;;;;;
Cardio Coach;Welches sind mögliche Symptome eines Übertrainings?;aggressive oder depressive Grundstimmung, Gereiztheit, Launigkeit;Schlafstörungen;Konzentrationsschwäche, eingeschränkte Koordinationsfähigkeit;verringerte Stressresistenz;körperliche Leistungsschwäche (vorzeitige Ermüdung);wiederholte Krämpfe;Gewichtsverlust;verstärkter, regelmässiger Muskelkater;Verletzungsbilder (Muskelfaserriss, Sehnenscheidenentzündung u.ä.);erhöhter Ruhepuls;erhöhte Atemfrequenz;Infekte (Erkältung, Grippe u.ä.);Muskelschwäche;Muskelverletzungen;Erhöhte Ruheatmung;;;;;;;;;;;;;;;;;;;;;;;;;;;;;;;;;
Cardio Coach;Welche Elemente finden sich im Prozess der Trainingssteuerung?;Standortbestimmung;Zielsetzung;Trainingsplanung;Trainingsdurchführung;Trainingskontrolle;Trainingsauswertung;Standortbestimmung;;;;;;;;;;;;;;;;;;;;;;;;;;;;;;;;;;;;;;;;;
Cardio Coach;Was ist die Konstitution?;Die prioritär vorgegebene Zusammensetzung (biologische Voraussetzung) eines Menschen, d.h. seine körperlichen Grundmerkmale wie Geschlecht, Körperbau oder Neigung zu bestimmten Krankheiten, welche vorwiegend genetisch festgelegt sind.;;;;;;;;;;;;;;;;;;;;;;;;;;;;;;;;;;;;;;;;;;;;;;;
Cardio Coach;Was ist die Kondition?;Die Zusammenfassung von physischer und psychischer Leistungsfähigkeit (unter dem begrenzenden Aspekt der energetisch-physiologischen Grundlagen).;;;;;;;;;;;;;;;;;;;;;;;;;;;;;;;;;;;;;;;;;;;;;;;
Cardio Coach;Welche Faktoren bestimmen die physische Leistungsfähigkeit?;Koordination;Ausdauer;Kraft;Beweglichkeit;Schnelligkeit;;;;;;;;;;;;;;;;;;;;;;;;;;;;;;;;;;;;;;;;;;;
Cardio Coach;Welche Faktoren bestimmen die psychische Leistungsfähigkeit?;Motivation;Wille;Einstellung;Erfahrung;Wahrnehmung;;;;;;;;;;;;;;;;;;;;;;;;;;;;;;;;;;;;;;;;;;;
Cardio Coach;Warum ist eine gute Kondition wichtig?;Je besser die Kondition eines Menschen, desto geringer muss das gesamte System auf einwirkende Belastungen reagieren und desto ökonomischer (effizienter und sparsamer) können die Leistungsreserven genutzt werden.;;;;;;;;;;;;;;;;;;;;;;;;;;;;;;;;;;;;;;;;;;;;;;;
Cardio Coach;Welche Arten von Ausdauer lassen sich bezüglich der Energiebereitstellungsprozesse unterscheiden?;anaerobe Ausdauer (Stehvermögen) und aerobe Ausdauer (Durchhaltevermögen);;;;;;;;;;;;;;;;;;;;;;;;;;;;;;;;;;;;;;;;;;;;;;;
Cardio Coach;Was ist Grundlagenausdauer?;Die Ausdauerleistung als konditionelle Basis für verschiedene Leistungen (= allgemeine Ausdauer).;Belastungen im Bereich 65 - 75% der HFmax.;;;;;;;;;;;;;;;;;;;;;;;;;;;;;;;;;;;;;;;;;;;;;;
Cardio Coach;Was ist spezielle Ausdauer?;Die Ausdauerleistung in Abhängigkeit einer bestimmten Disziplin und den damit verbundenen Voraussetzungen.;;;;;;;;;;;;;;;;;;;;;;;;;;;;;;;;;;;;;;;;;;;;;;;
Cardio Coach;Nenne unterschiedliche Leistungskategorien, je nach Leistungsziel;Fitnesssport;Leistungssport;Hochleistungs- oder Spitzensport;;;;;;;;;;;;;;;;;;;;;;;;;;;;;;;;;;;;;;;;;;;;;
Cardio Coach;Nenne den Trainingsaufwand nach Leistungsziel;Fitnesssport = bis zu 10 h pro Woche;Leistungssport = bis 15 h pro Woche;Hochleistungs- oder Spitzensport = mehr als 20 h pro Woche;;;;;;;;;;;;;;;;;;;;;;;;;;;;;;;;;;;;;;;;;;;;;
Cardio Coach;Was ist das Ziel von Lauftraining / Lauftechnik?;Verletzungsprävention;Leistungssteigerung durch Ökonomisierung;;;;;;;;;;;;;;;;;;;;;;;;;;;;;;;;;;;;;;;;;;;;;;
Cardio Coach;Welche Arten der Ausdauer können nach Zeit der Beanspruchung unterschieden werden?;Schnelligkeitsausdauer bis 35 s, 100m oder 200m Sprint;Kurzzeitausdauer 35 s - 2 min, 400 m Lauf;Mittelzeitausdauer 2 - 10 min, 3000 m Lauf;Langzeitausdauer 10 min - mehrere h, 10'000 m Lauf (LZA I);Halbmarathon (LZA II);Marathonlauf (LZA III);100 km Lauf (LZA IV);;;;;;;;;;;;;;;;;;;;;;;;;;;;;;;;;;;;;;;;;
Cardio Coach;Von welchen limitierenden Systemen resp. Faktoren ist Ausdauerleistungsfähigkeit abhängig?;Herz-Kreislaufsystem;Sauerstoffaufnahmefähigkeit (Lungensystem);Transportkapazität des Blutes;Kapillarisierung (Beschaffenheit der Skelettmuskulatur);Energiespeicher;Nervensystem;;;;;;;;;;;;;;;;;;;;;;;;;;;;;;;;;;;;;;;;;;
Cardio Coach;Inwiefern wirkt das Herz-Kreislaufsystem limitierend auf die Ausdauerleistung?;Das Herz-Kreislaufsystem versorgt die Skelettmuskulatur und weitere Organe mit Sauerstoff und Nährstoffen.;Unter Belastung steigt in der Muskulatur der Bedarf an diesen Stoffen.;Bei ungenügender Deckung des erhöhten Verbrauchs reagiert der Organismus durch Umstellung der Energiebereitstellungsprozesse, was zu einer Einschränkung der Intensitätserhaltung oder gar zum vorzeitigen Abbruch der Leistung führen kann.;;;;;;;;;;;;;;;;;;;;;;;;;;;;;;;;;;;;;;;;;;;;;
Cardio Coach;Inwiefern wirkt das Atmungssystem limitierend auf die Ausdauerleistung?;Über die Atmung gelangt der Sauerstoff in die Lunge und die verzweigten Bronchien, wo er durch die Lungenbläschen (Alveolen) in den Blutkreislauf gelangt. ;Eine ineffiziente Atemtechnik oder ein vermindertes Lungenvolumen kann somit eine relevante Behinderung für Ausdauerleistungsvermögen darstellen.;;;;;;;;;;;;;;;;;;;;;;;;;;;;;;;;;;;;;;;;;;;;;;
Cardio Coach;Inwiefern wirkt das Blut limitierend auf die Ausdauerleistung?;Im Blut wird der Sauerstoff durch die roten Blutkörperchen (Erythorzyten) an seine Bestimmungsorte gebracht, Bsp. Muskulatur.;Dabei heftet sich der Sauerstoff zum Transport an den roten Blutfarbstoff (Hämoglobin).;Je höher nun die Anzahl der roten Blutkörperchen, desto besser ist die Sauerstoffversorgung im Muskel (sozusagen desto mehr 'Sauerstoff-Taxis stehen zur Verfügung).;;;;;;;;;;;;;;;;;;;;;;;;;;;;;;;;;;;;;;;;;;;;;
Cardio Coach;Inwiefern wirkt der Kapillarisierungsgrad limitierend auf die Ausdauerleistung?;Innerhalb des Muskels werden Sauerstoff und Nährstoffe bis in die kleinsten Blutgefässe (Kapillaren) geleitet und von dort in die Zellen aufgeommen.;Durch (Kraft-) Ausdauertraining kann die Kapillardichte im Muskel erhöht werden, was zu einer höheren Sauerstoffaufnahmefähigkeit und effizienterem Stoffaustausch führt.;;;;;;;;;;;;;;;;;;;;;;;;;;;;;;;;;;;;;;;;;;;;;;
Cardio Coach;Inwiefern wirken die Energiespeicher limitierend auf die Ausdauerleistung?;Die Grundlage jeder wirksamen Energiebereitstellung bildet die ausgewogene Versorgung des Körpers mit Nährstoffen. Ohne Energie ist keine Leistung möglich.;Wiederholte Trainingsbelastung hat auch einen Einfluss auf die Grösse der Enegiespeicher im Körper und damit einhergehend auf die Energiebereitstellung.;Je nach Gestaltung des Ausdauertrainings (Intensität und Dauer) kommt es zu einer Entleerung der betroffenen Reserven.  Wird dies im Sinne eines Trainings regelmässig ausgeführt, und dem Organismus auch die Zeit zur vollständigen Regeneration zugestanden, so antwortet dieser superkompensatorisch mit einer Vergrösserung der Energiespeicher.;;;;;;;;;;;;;;;;;;;;;;;;;;;;;;;;;;;;;;;;;;;;;
Cardio Coach;Inwiefern wirkt das Nervensystem limitierend auf die Ausdauerleistung?;Das Nerv-Muskel Zusammenspiel sorgt für bessere Technik und somit für weniger Energieaufwand zur Bewältigung einer Aufgabe.;Dies bedeutet letztlich, dass eine bestimmte Leistung über längere Zeit aufrechterhalten werden kann, was der Definition des Ausdauerbegriffs entspricht.;;;;;;;;;;;;;;;;;;;;;;;;;;;;;;;;;;;;;;;;;;;;;;
Cardio Coach;In welchen Intensitäten wird ein extensives Ausdauertraining nach der Dauermethode gestaltet?;65 - 75 % der HFmax.;;;;;;;;;;;;;;;;;;;;;;;;;;;;;;;;;;;;;;;;;;;;;;;
Cardio Coach;In welchen Intensitäten wird ein intensives Ausdauertraining nach der Dauermethode gestaltet?;75 - 85 % der HFmax.;;;;;;;;;;;;;;;;;;;;;;;;;;;;;;;;;;;;;;;;;;;;;;;
Cardio Coach;In welchen Intensitäten wird ein regeneratives Ausdauertraining nach der Dauermethode gestaltet?;bis 65 % der HFmax.;;;;;;;;;;;;;;;;;;;;;;;;;;;;;;;;;;;;;;;;;;;;;;;
Cardio Coach;Welche Effekte werden mit einem intensiven Ausdauertraining angestrebt?;Verbesserung der aerob-anaeroben Stoffwechselfunktion (Glykogenstoffwechsel);;;;;;;;;;;;;;;;;;;;;;;;;;;;;;;;;;;;;;;;;;;;;;;
Cardio Coach;Welche Effekte werden mit einem Intervall-Ausdauertraining angestrebt?;Verbesserung der aeroben und anaeroben Kapazität;Erhöhung der Laktattoleranz;Steigerung der Ausdauerkraft;Verbesserung der psychischen Mobilisierungsfähigkeit;;;;;;;;;;;;;;;;;;;;;;;;;;;;;;;;;;;;;;;;;;;;
Cardio Coach;Wie lässt sich die Ausdauerbelastung steuern respektive messen?;Objektiv in Watt, Pace oder % der HFmax. (Pulsmesser), subjektiv durch individuelles Belastungsempfinden (Belastungsskala, Sprechverhalten unter Belastung).;;;;;;;;;;;;;;;;;;;;;;;;;;;;;;;;;;;;;;;;;;;;;;;
Cardio Coach;Was unterscheider die Begriffe Fettabbau und Fettverbrennung?;Der Fettabbau beschreibt die Fähigkeit des Körpers auf die Fettreserven zugreifen zu können.;Die Fettverbrennung beschreibt den nachfolgenden Prozess der Energie-Verstoffwechselung in der Muskulatur.;;;;;;;;;;;;;;;;;;;;;;;;;;;;;;;;;;;;;;;;;;;;;;
Cardio Coach;Weshalb haben Ausdauerathleten 'fettere' Muskulatur als untrainierte Menschen?;Der Körper reagiert auf gezieltes Training mit Anpassungen.;Er beginnt folglich bei regelmässiger Durchführung eines Ausdauertrainings die Energieträger dort einzulagern, wo sie direkter und schneller umgesetzt werden können.;;;;;;;;;;;;;;;;;;;;;;;;;;;;;;;;;;;;;;;;;;;;;;
Cardio Coach;Nenne die Effekte der unterschiedlichen Anpassungsstufen;Anpassungsstufe 1 (1 - 2 Wochen): Veränderung des motorischen Ansteuerungsprogramms der beanspruchten Muskulatur;Anpassungsstufe 2 (2 - 4 Wochen): Vergrösserung der Kapazität der Energiespeicher und der muskulären Proteine;Anpassungsstufe 3 (4 - 5 Wochen): Optimierung der neuromuskulären Regulation mit den neu gebildeten Strukturen im Muskel;Anpassungsstufe 4 (5 - 6 Wochen): Abstimmung und Koordination der Hierarchie der Systeme;;;;;;;;;;;;;;;;;;;;;;;;;;;;;;;;;;;;;;;;;;;;
Cardio Coach;In welchem Zusammenhang stehen Intensität der Belastung und Fett-Energieumsatz beim Ausdauertraining?;Trotz relativ höherem Anteil an Fetten, die bei niederiger Intensität verbrannt werden, ist bei höherer Intensität der absolute Anteil an der Gesamtleistung grösser.;Zudem ist die Gesamtenergiemenge, die umgesetzt wird deutlich höher, was einen direkten Einfluss auf die Kalorienbilanz hat.;Natürlich muss aber in der Umsetzung eines solchen Fettverbrennungs-Trainings im Ausdauerbereich auch immer die Abstimmung der Intensitäten auf das aktuelle Leistungsniveau der Trainierenden erfolgen.;;;;;;;;;;;;;;;;;;;;;;;;;;;;;;;;;;;;;;;;;;;;;
Cardio Coach;Wann wird, absolut gesehen, am meisten Energie über die Fettoxidation 'verbrannt'?;bei hochintensivem Training;;;;;;;;;;;;;;;;;;;;;;;;;;;;;;;;;;;;;;;;;;;;;;;
Cardio Coach;Welche Elemente müssen berücksichtigt werden, um eine nachhaltige Körperfettreduktion erreichen zu können?;regelmässiges gesteuertes Ausdauertraining;effizientes, muskelaufbauendes Training;kontrollierte, ausgewogene Ernährung mit negativer Kalorienbilanz und aktivem Stoffwechsel, keine Diäten (!);;;;;;;;;;;;;;;;;;;;;;;;;;;;;;;;;;;;;;;;;;;;;
Cardio Coach;Was ist der Sinn von Trainingskontrollen?;Sicherstellung des angestrebten Trainingserfolgs;Überprüfung der ursprünglich geplanten Ziele;Kontrolle der Trainingswirkungen (Re-Tests);Rückblickende Analyse des Trainingsverlaufs;Anpassungen für weitergehende Trainingsplanung;;;;;;;;;;;;;;;;;;;;;;;;;;;;;;;;;;;;;;;;;;;
Cardio Coach;Welche Punkte müssen bei der koordinativen Vorbereitung im Rahmen eines speziellen Aufwärmens beachtet werden?;5 - 10 min Dauer genügen;wenn möglich labile Unterlagen verwenden;Übungen abbrechen bei mangelnder Konzentration;jede Übung mehrmals wiederholen;auf Körperhaltung und Atmung achten;;;;;;;;;;;;;;;;;;;;;;;;;;;;;;;;;;;;;;;;;;;
Cardio Coach;Welches sind die Hauptaufgaben des Herzkreislaufsystems?;Transport von Nährstoffen und Sauerstoff;;;;;;;;;;;;;;;;;;;;;;;;;;;;;;;;;;;;;;;;;;;;;;;
Cardio Coach;Beschreibe den Aufbau des Herzens;Aufbau in rechte und linke Hälfte jeweils mit Vorhof (Atrium) und Kammer (Ventrikel);Segelklappen (zwischen Vorhof und Herzkammer);Taschenklappen (zwischen Herzkammer und grossen Gefässen, verhindern den Blutrückfluss);Herzscheidewand (Septum);;;;;;;;;;;;;;;;;;;;;;;;;;;;;;;;;;;;;;;;;;;;
Cardio Coach;Welche Aufgabe hat das Blut?;Transport vieler Stoffe - Sauerstoff, Kohlendioxid, Nährstoffe, Stoffwechselprodukte, Vitamine, Blutsalze;Transport von Wärme (Heizung / Kühlung);Signalübermittlung durch Hormone;Pufferung gegen Übersäuerung;Abwehr körperfremder Stoffe;;;;;;;;;;;;;;;;;;;;;;;;;;;;;;;;;;;;;;;;;;;
Cardio Coach;Welche Komponenten gehören zum Atmungssystem?;Nasen-, Mundhöhle;Rachen (Kehlkopf);Luftröhre;Lungen;Bronchien;Bronchiolen;Alveolen;Kapillaren;;;;;;;;;;;;;;;;;;;;;;;;;;;;;;;;;;;;;;;;
Cardio Coach;Was ist das Inspiratorische Reservevolumen?;Atmungsvolumen der max. Einatmung minus das Ruheatemzugsvolumen;;;;;;;;;;;;;;;;;;;;;;;;;;;;;;;;;;;;;;;;;;;;;;;
Cardio Coach;Was ist das Exspiratorische Reservevolumen?;Atmungsvolumen der max. Ausatmung minus das Ruheatemzugsvolumen;;;;;;;;;;;;;;;;;;;;;;;;;;;;;;;;;;;;;;;;;;;;;;;
Cardio Coach;Was ist das Residualvolumen?;Die Luft, welche immer in den Atemwegen bleibt, auch nach max. Ausatmung.;Totalkapazität minus Vitalkapazität;;;;;;;;;;;;;;;;;;;;;;;;;;;;;;;;;;;;;;;;;;;;;;
Cardio Coach;Was ist die Vitalkapazität?;Das inspiratorische Reservevolumen plus expiratorische Reservevolumen plus Ruheatemzugsvolumen;Totalkapazität minus Residualvolumen;;;;;;;;;;;;;;;;;;;;;;;;;;;;;;;;;;;;;;;;;;;;;;
Cardio Coach;Woraus besteht Atemluft (Einatmung)?;Stickstoff (N) 79 %;Sauerstoff (O) 20 %;Kohlendioxid (CO2) 0.03 %;Edelgase 1 %;;;;;;;;;;;;;;;;;;;;;;;;;;;;;;;;;;;;;;;;;;;;
Cardio Coach;Wie hoch ist die durchschnittliche Atemfrequenz in Ruhe und unter Belastung pro Minute?;Ruhe 12 - 16 / min;Belastung 40 - 50 / min;;;;;;;;;;;;;;;;;;;;;;;;;;;;;;;;;;;;;;;;;;;;;;
Cardio Coach;Wie gross ist das durchschnittliche Atemzugsvolumen in Ruhe und unter Belastung pro Minute?;Ruhe 0.5 l / min;Belastung 2.5 l / min;;;;;;;;;;;;;;;;;;;;;;;;;;;;;;;;;;;;;;;;;;;;;;
Cardio Coach;Wie gross ist das durchschnittliche Atemminutenvolumen in Ruhe und unter Belastung pro Minute?;Ruhe 6 - 8 l / min;Belastung 100 - 125 l / min;;;;;;;;;;;;;;;;;;;;;;;;;;;;;;;;;;;;;;;;;;;;;;
Cardio Coach;Wie gross ist die maximale Sauerstoffaufnahmefähigkeit eines Menschen?;VO2max ist mind. zur Hälfte genetisch vorgegeben und individuell verschieden;;;;;;;;;;;;;;;;;;;;;;;;;;;;;;;;;;;;;;;;;;;;;;;
Cardio Coach;Wie gross ist die durchschnittliche VO2max bei untrainierten Menschen?;Frauen 32 - 38 ml / kg KG / min;Männer 35 - 45 ml / kg KG / min;Spitzensportler im Ausdauerbereich 70 - 90 ml / kg KG / min;;;;;;;;;;;;;;;;;;;;;;;;;;;;;;;;;;;;;;;;;;;;;
Cardio Coach;Welche Faktoren wirken limitierend auf die VO2max?;Herzminutenvolumen = Schlagvolumen x Herzfrequenz (normal ca. 4000);Sauerstoffausnutzung in der Muskulatur (abhängig von Muskelfaserzusammensetzung, Mitochondrienvolumen, Kapillarisierung);Sauerstofftransportkapazität des Blutes;Lungenventilation;Diffusionskapazität der Lunge;;;;;;;;;;;;;;;;;;;;;;;;;;;;;;;;;;;;;;;;;;;
Cardio Coach;Welche Ausdauerleistungstests finden in Fitnesscentern üblicherweise statt?;Laktatstufentest;IPN-Test;PWC (130, 150, 170);Test der Vitalkapazität;VO2max;Conconi Test;WHO-3-Stufen Test;;;;;;;;;;;;;;;;;;;;;;;;;;;;;;;;;;;;;;;;;
Cardio Coach;Welche Körperfettmessmethoden finden in Fitnesscentern üblicherweise statt?;Fat-Caliper (Messzange);Ultraschall;Infrarot;Impedanzmessung;;;;;;;;;;;;;;;;;;;;;;;;;;;;;;;;;;;;;;;;;;;;
Cardio Coach;Was misst ein Caliper?;subcutanes Fett;;;;;;;;;;;;;;;;;;;;;;;;;;;;;;;;;;;;;;;;;;;;;;;
Cardio Coach;Was ist eine Impedanzmessung?;Mittels eines speziellen Geräts wird mit Hilfe eines schwachen Stromstosses, wecher durch den Körper geschickt wird, der Widerstand gemessen und anhand eines EDV-Programmes der Körperfettgehatl errechnet.;;;;;;;;;;;;;;;;;;;;;;;;;;;;;;;;;;;;;;;;;;;;;;;
Cardio Coach;Was ist der BMI?;Body-Mass-Index;Hier wird nach einer Formel das Körpergewicht in Relation zur Körperfläche gesetzt. Bei Überschreiten einer Kennzahl wird Übergewicht (Überfett) angenommen. Nicht sehr genau, da Bsp. Bodybuilder auf Grund ihrer hohen Muskelmasse nach diesem Index immer übergewichtig wären.;BMI ist nur gut in Kombination mit einer echten Fettmessung.;;;;;;;;;;;;;;;;;;;;;;;;;;;;;;;;;;;;;;;;;;;;;
Cardio Coach;Wie wird der BMI berechnet?;Körpergewicht geteilt durch Körpergrösse in Meter im Quadrat;kg / m2;;;;;;;;;;;;;;;;;;;;;;;;;;;;;;;;;;;;;;;;;;;;;;
Cardio Coach;Was kann die Begründung sein, weshalb die Intensitätsvorgaben im Training qualitativ nicht erreicht werden?;Regeneration war unzureichend;;;;;;;;;;;;;;;;;;;;;;;;;;;;;;;;;;;;;;;;;;;;;;;
Cardio Coach;Wie unterscheidet sich die Ruheherzfrequenz von untrainierten und trainierten Personen?;Die Ruheherzfrequenz liegt bei untrainierten Personen deutliche höher (70 - 80 Schläge pro Minute) als bei trainierten (30 - 40 Schläge pro Minute).;Das Herz kann dementsprechend unter Belastung weniger ökonomisch arbeiten und muss häufiger schlagen.;;;;;;;;;;;;;;;;;;;;;;;;;;;;;;;;;;;;;;;;;;;;;;
Cardio Coach;Wie wird die maximale Herzfrequenz festgelegt?;Sie kann nicht einfach rechnerisch festgelegt werden.;Die HFmax. Ist individuell, genetisch vorgegeben, sinkt tendenziell mit zunehmendem Alter und kann nicht durch Training nach oben verändert werden.;;;;;;;;;;;;;;;;;;;;;;;;;;;;;;;;;;;;;;;;;;;;;;
Cardio Coach;Warum kann ein sogenanntes Höhentraining die Ausdauerleistungsfähigkeit kurzzeitig verbessern?;Der Körper wird aufgrund der verringerten Sauerstoffkonzentration in der Atemluft angeregt, mehr rote Blutkörperchen zu produzieren.;Je höher nun die Anzahl der roten Blutkörperchen, desto mehr Sauerstoff-Taxis stehen zur Verfügung.;;;;;;;;;;;;;;;;;;;;;;;;;;;;;;;;;;;;;;;;;;;;;;
Cardio Coach;Inwiefern wirken die Energiespeicher limitierend auf die Ausdauerleistungsfähigkeit?;Die Grundlage jeder wirksamen Energiebereitstellung bildet die ausgewogene Versorgung des Körpers mit Nährstoffen. Ohne Energie ist keine Leistung möglich.;Wiederholte Trainingsbelastung hat auch einen Einfluss auf die Grösse der Enegiespeicher im Körper und damit einhergehend auf die Energiebereitstellung.;Je nach Gestaltung des Ausdauertrainings (Intensität und Dauer) kommt es zu einer Entleerung der betroffenen Reserven.  Wird dies im Sinne eines Trainings regelmässig ausgeführt, und dem Organismus auch die Zeit zur vollständigen Regeneration zugestanden, so antwortet dieser superkompensatorisch mit einer Vergrösserung der Energiespeicher.;;;;;;;;;;;;;;;;;;;;;;;;;;;;;;;;;;;;;;;;;;;;;
Cardio Coach;Inwiefern wirkt das Nervensystem limitierend auf die Ausdauerleistungsfähigkeit?;Das Nerv-Muskel Zusammenspiel sorgt für bessere Technik und somit für weniger Energieaufwand zur Bewältigung einer Aufgabe.;Dies bedeutet letztlich, dass eine bestimmte Leistung über längere Zeit aufrechterhalten werden kann, was der Definition des Ausdauerbegriffs entspricht.;;;;;;;;;;;;;;;;;;;;;;;;;;;;;;;;;;;;;;;;;;;;;;
Cardio Coach;Was ist das Ziel eines regelmässigen Ausdauertrainings?;Ziel ist die beschränkenden Systemlimiten positiv zu beeinflussen und somit die individuelle (Ausdauer-) Leistungsfähigkeit zumindest zu erhalten oder zu verbessern.;;;;;;;;;;;;;;;;;;;;;;;;;;;;;;;;;;;;;;;;;;;;;;;
Cardio Coach;Welche Effekte kann ein regelmässiges Ausdauertraining bewirken?;Verringerung der Systemlimiten;erhöhte physische Belastbarkeit (Einfluss auf andere Konditionsfaktoren);bessere Regenerationsfähigkeit, schnellere Erholung;Prävention im Hinblick auf das Herz-Kreislaufsystem;Reduzierung der Risikofaktoren Herz-Kreislauf-Erkrankungen (Bluthochdruck, Blutfettwerte);Reduktion des Körperfettanteils (speziell in Kombination mit Krafttraining und Ernährungsumstellung);Erhöhte psychische Belastbarkeit (Stressresistenz, Ermüdungswiderstandsfähigkeit);Bewegung, Spass, Abwechslung (soziale Komponenten);verbessertes Wohlbefinden (Bsp. Schlafqualität, Eigenwahrnehmung);;;;;;;;;;;;;;;;;;;;;;;;;;;;;;;;;;;;;;;
Cardio Coach;Welche Effekte werden mit einem extensiven Ausdauertraining angestrebt?;Verbesserung der Grundlagenausdauer;Steigerung der aeroben Leistungsfähigkeit;Steigerung der Ermüdungswiderstandsfähigkeit;Ökonomisierung des Fettstoffwechsels / mitochondriale Biogenese;ab 2.5 h wird, verhältnismässig am meisten Fett verbrannt;;;;;;;;;;;;;;;;;;;;;;;;;;;;;;;;;;;;;;;;;;;
Cardio Coach;Welches sind die gängigen Herzfrequenzformeln?;220 minus Lebensalter = maximale Herzfrequenz (max HF);Trainingsherzfrequenz = 180 minus Lebensalter (Hollmann);165 minus halbes Lebensalter +/-5 Pulsschläge für alle stehenden Ausdauerleistungen;160 minus halbes Lebensalter +/-5 Pulsschläge für alle sitzenden Ausdauerleistungen;maximale Herzfrequenz minus Ruheherzfrequenz, multipliziert mit dem Intensitätsgrenzwert in Prozent;Ruheherzfrequenz (Karvonen);;;;;;;;;;;;;;;;;;;;;;;;;;;;;;;;;;;;;;;;;;
Cardio Coach;Wie lautet die Karvonen-Formel zur Bestimmung der individuellen Herzfrequenz?;Maximale Herzfrequenz minus Ruheherzfrequenz, multipliziert mit dem Intensitätsgrenzwert in Prozent, plus die Ruheherzfrequenz (Karvonen);;;;;;;;;;;;;;;;;;;;;;;;;;;;;;;;;;;;;;;;;;;;;;;
Cardio Coach;Welcher Teil des Energiegewinnungs-Systems ist bei einem 400 m Sprint vorwiegend dominant?;laktazide anaerobe Glykose;;;;;;;;;;;;;;;;;;;;;;;;;;;;;;;;;;;;;;;;;;;;;;;
Cardio Coach;Foto: Ausdauertraining kann mit verschiedenen Methoden und mit unterschiedlichen Trainingsmitteln durchgeführt werden.;Dauermethode mit konstant gleichbleibender Belastungsintensität;Wiederholungsmethode mit nahezu vollständiger Erholung nach den Belastungsspitzen;Intervallmethode mit lohnenden Pausen;Wettkampfmethode, spezifisch bei Sportlern;Fahrtenspiel ohne planmässige Belastungsspitzen;Dauermethode mit konstant gleichbleibender Belastungsintensität;Dauermethode mit konstant gleichbleibender Belastungsintensität;;;;;;;;;;;;;;;;;;;;;;;;;;;;;;;;;;;;;;;;;
Begriffe;Erkläre / übersetzte den Begriff Aponeurose;flächenhafte Sehne - Sehnenplatte;;;;;;;;;;;;;;;;;;;;;;;;;;;;;;;;;;;;;;;;;;;;;;;
Begriffe;Erkläre / übersetzte den Begriff BWS;Brustwirbelsäule;;;;;;;;;;;;;;;;;;;;;;;;;;;;;;;;;;;;;;;;;;;;;;;
Begriffe;Erkläre / übersetzte den Begriff Fascia;bindegewebige Hülle;;;;;;;;;;;;;;;;;;;;;;;;;;;;;;;;;;;;;;;;;;;;;;;
Begriffe;Erkläre / übersetzte den Begriff HWS;Halswirbelsäule;;;;;;;;;;;;;;;;;;;;;;;;;;;;;;;;;;;;;;;;;;;;;;;
Begriffe;Erkläre / übersetzte den Begriff Kyphose;Wirbesäulenkrümmung nach hinten (konvex, dorsal);;;;;;;;;;;;;;;;;;;;;;;;;;;;;;;;;;;;;;;;;;;;;;;
Begriffe;Erkläre / übersetzte den Begriff Ligamentum;Band;;;;;;;;;;;;;;;;;;;;;;;;;;;;;;;;;;;;;;;;;;;;;;;
Begriffe;Erkläre / übersetzte den Begriff Linea;Linie;;;;;;;;;;;;;;;;;;;;;;;;;;;;;;;;;;;;;;;;;;;;;;;
Begriffe;Erkläre / übersetzte den Begriff Lordose;Wirbelsäulenkrümmung nach vorne (konkav, ventral);;;;;;;;;;;;;;;;;;;;;;;;;;;;;;;;;;;;;;;;;;;;;;;
Begriffe;Erkläre / übersetzte den Begriff Lumbal;Lenden-Bereich;;;;;;;;;;;;;;;;;;;;;;;;;;;;;;;;;;;;;;;;;;;;;;;
Begriffe;Erkläre / übersetzte den Begriff LWS;Lendenwirbelsäule;;;;;;;;;;;;;;;;;;;;;;;;;;;;;;;;;;;;;;;;;;;;;;;
Begriffe;Erkläre / übersetzte den Begriff Musculus;Muskel / Muskeln;;;;;;;;;;;;;;;;;;;;;;;;;;;;;;;;;;;;;;;;;;;;;;;
Begriffe;Erkläre / übersetzte den Begriff Nervus;Nerv / Nerven;;;;;;;;;;;;;;;;;;;;;;;;;;;;;;;;;;;;;;;;;;;;;;;
Begriffe;Erkläre / übersetzte den Begriff Os;Knochen;;;;;;;;;;;;;;;;;;;;;;;;;;;;;;;;;;;;;;;;;;;;;;;
Begriffe;Erkläre / übersetzte den Begriff Os sacrum;Kreuzbein;;;;;;;;;;;;;;;;;;;;;;;;;;;;;;;;;;;;;;;;;;;;;;;
Begriffe;Erkläre / übersetzte den Begriff Periost;Knochenhaut;;;;;;;;;;;;;;;;;;;;;;;;;;;;;;;;;;;;;;;;;;;;;;;
Begriffe;Erkläre / übersetzte den Begriff Skoliose;seitliche Verbiegung der Wirbelsäule;;;;;;;;;;;;;;;;;;;;;;;;;;;;;;;;;;;;;;;;;;;;;;;
Begriffe;Erkläre / übersetzte den Begriff Sternum;Brustbein;;;;;;;;;;;;;;;;;;;;;;;;;;;;;;;;;;;;;;;;;;;;;;;
Begriffe;Erkläre / übersetzte den Begriff Synovia;Gelenkflüssigkeit;;;;;;;;;;;;;;;;;;;;;;;;;;;;;;;;;;;;;;;;;;;;;;;
;;;;;;;;;;;;;;;;;;;;;;;;;;;;;;;;;;;;;;;;;;;;;;;;;
;;;;;;;;;;;;;;;;;;;;;;;;;;;;;;;;;;;;;;;;;;;;;;;;;
;;;;;;;;;;;;;;;;;;;;;;;;;;;;;;;;;;;;;;;;;;;;;;;;;
;;;;;;;;;;;;;;;;;;;;;;;;;;;;;;;;;;;;;;;;;;;;;;;;;
;;;;;;;;;;;;;;;;;;;;;;;;;;;;;;;;;;;;;;;;;;;;;;;;;
;;;;;;;;;;;;;;;;;;;;;;;;;;;;;;;;;;;;;;;;;;;;;;;;;
;;;;;;;;;;;;;;;;;;;;;;;;;;;;;;;;;;;;;;;;;;;;;;;;;
;;;;;;;;;;;;;;;;;;;;;;;;;;;;;;;;;;;;;;;;;;;;;;;;;
;;;;;;;;;;;;;;;;;;;;;;;;;;;;;;;;;;;;;;;;;;;;;;;;;
;;;;;;;;;;;;;;;;;;;;;;;;;;;;;;;;;;;;;;;;;;;;;;;;;
;;;;;;;;;;;;;;;;;;;;;;;;;;;;;;;;;;;;;;;;;;;;;;;;;
;;;;;;;;;;;;;;;;;;;;;;;;;;;;;;;;;;;;;;;;;;;;;;;;;
;;;;;;;;;;;;;;;;;;;;;;;;;;;;;;;;;;;;;;;;;;;;;;;;;
;;;;;;;;;;;;;;;;;;;;;;;;;;;;;;;;;;;;;;;;;;;;;;;;;
;;;;;;;;;;;;;;;;;;;;;;;;;;;;;;;;;;;;;;;;;;;;;;;;;
;;;;;;;;;;;;;;;;;;;;;;;;;;;;;;;;;;;;;;;;;;;;;;;;;
;;;;;;;;;;;;;;;;;;;;;;;;;;;;;;;;;;;;;;;;;;;;;;;;;
;;;;;;;;;;;;;;;;;;;;;;;;;;;;;;;;;;;;;;;;;;;;;;;;;
;;;;;;;;;;;;;;;;;;;;;;;;;;;;;;;;;;;;;;;;;;;;;;;;;
;;;;;;;;;;;;;;;;;;;;;;;;;;;;;;;;;;;;;;;;;;;;;;;;;
;;;;;;;;;;;;;;;;;;;;;;;;;;;;;;;;;;;;;;;;;;;;;;;;;
;;;;;;;;;;;;;;;;;;;;;;;;;;;;;;;;;;;;;;;;;;;;;;;;;
;;;;;;;;;;;;;;;;;;;;;;;;;;;;;;;;;;;;;;;;;;;;;;;;;
;;;;;;;;;;;;;;;;;;;;;;;;;;;;;;;;;;;;;;;;;;;;;;;;;
;;;;;;;;;;;;;;;;;;;;;;;;;;;;;;;;;;;;;;;;;;;;;;;;;
;;;;;;;;;;;;;;;;;;;;;;;;;;;;;;;;;;;;;;;;;;;;;;;;;
;;;;;;;;;;;;;;;;;;;;;;;;;;;;;;;;;;;;;;;;;;;;;;;;;
;;;;;;;;;;;;;;;;;;;;;;;;;;;;;;;;;;;;;;;;;;;;;;;;;
;;;;;;;;;;;;;;;;;;;;;;;;;;;;;;;;;;;;;;;;;;;;;;;;;
;;;;;;;;;;;;;;;;;;;;;;;;;;;;;;;;;;;;;;;;;;;;;;;;;
;;;;;;;;;;;;;;;;;;;;;;;;;;;;;;;;;;;;;;;;;;;;;;;;;
;;;;;;;;;;;;;;;;;;;;;;;;;;;;;;;;;;;;;;;;;;;;;;;;;
;;;;;;;;;;;;;;;;;;;;;;;;;;;;;;;;;;;;;;;;;;;;;;;;;
;;;;;;;;;;;;;;;;;;;;;;;;;;;;;;;;;;;;;;;;;;;;;;;;;
;;;;;;;;;;;;;;;;;;;;;;;;;;;;;;;;;;;;;;;;;;;;;;;;;
;;;;;;;;;;;;;;;;;;;;;;;;;;;;;;;;;;;;;;;;;;;;;;;;;
;;;;;;;;;;;;;;;;;;;;;;;;;;;;;;;;;;;;;;;;;;;;;;;;;
;;;;;;;;;;;;;;;;;;;;;;;;;;;;;;;;;;;;;;;;;;;;;;;;;
;;;;;;;;;;;;;;;;;;;;;;;;;;;;;;;;;;;;;;;;;;;;;;;;;
;;;;;;;;;;;;;;;;;;;;;;;;;;;;;;;;;;;;;;;;;;;;;;;;;
;;;;;;;;;;;;;;;;;;;;;;;;;;;;;;;;;;;;;;;;;;;;;;;;;
;;;;;;;;;;;;;;;;;;;;;;;;;;;;;;;;;;;;;;;;;;;;;;;;;
;;;;;;;;;;;;;;;;;;;;;;;;;;;;;;;;;;;;;;;;;;;;;;;;;
;;;;;;;;;;;;;;;;;;;;;;;;;;;;;;;;;;;;;;;;;;;;;;;;;
;;;;;;;;;;;;;;;;;;;;;;;;;;;;;;;;;;;;;;;;;;;;;;;;;
;;;;;;;;;;;;;;;;;;;;;;;;;;;;;;;;;;;;;;;;;;;;;;;;;
;;;;;;;;;;;;;;;;;;;;;;;;;;;;;;;;;;;;;;;;;;;;;;;;;
;;;;;;;;;;;;;;;;;;;;;;;;;;;;;;;;;;;;;;;;;;;;;;;;;
;;;;;;;;;;;;;;;;;;;;;;;;;;;;;;;;;;;;;;;;;;;;;;;;;
;;;;;;;;;;;;;;;;;;;;;;;;;;;;;;;;;;;;;;;;;;;;;;;;;
;;;;;;;;;;;;;;;;;;;;;;;;;;;;;;;;;;;;;;;;;;;;;;;;;
;;;;;;;;;;;;;;;;;;;;;;;;;;;;;;;;;;;;;;;;;;;;;;;;;
;;;;;;;;;;;;;;;;;;;;;;;;;;;;;;;;;;;;;;;;;;;;;;;;;
;;;;;;;;;;;;;;;;;;;;;;;;;;;;;;;;;;;;;;;;;;;;;;;;;
;;;;;;;;;;;;;;;;;;;;;;;;;;;;;;;;;;;;;;;;;;;;;;;;;
;;;;;;;;;;;;;;;;;;;;;;;;;;;;;;;;;;;;;;;;;;;;;;;;;
;;;;;;;;;;;;;;;;;;;;;;;;;;;;;;;;;;;;;;;;;;;;;;;;;
;;;;;;;;;;;;;;;;;;;;;;;;;;;;;;;;;;;;;;;;;;;;;;;;;
;;;;;;;;;;;;;;;;;;;;;;;;;;;;;;;;;;;;;;;;;;;;;;;;;
;;;;;;;;;;;;;;;;;;;;;;;;;;;;;;;;;;;;;;;;;;;;;;;;;
;;;;;;;;;;;;;;;;;;;;;;;;;;;;;;;;;;;;;;;;;;;;;;;;;
;;;;;;;;;;;;;;;;;;;;;;;;;;;;;;;;;;;;;;;;;;;;;;;;;
;;;;;;;;;;;;;;;;;;;;;;;;;;;;;;;;;;;;;;;;;;;;;;;;;
;;;;;;;;;;;;;;;;;;;;;;;;;;;;;;;;;;;;;;;;;;;;;;;;;
;;;;;;;;;;;;;;;;;;;;;;;;;;;;;;;;;;;;;;;;;;;;;;;;;
;;;;;;;;;;;;;;;;;;;;;;;;;;;;;;;;;;;;;;;;;;;;;;;;;
;;;;;;;;;;;;;;;;;;;;;;;;;;;;;;;;;;;;;;;;;;;;;;;;;
;;;;;;;;;;;;;;;;;;;;;;;;;;;;;;;;;;;;;;;;;;;;;;;;;
;;;;;;;;;;;;;;;;;;;;;;;;;;;;;;;;;;;;;;;;;;;;;;;;;
;;;;;;;;;;;;;;;;;;;;;;;;;;;;;;;;;;;;;;;;;;;;;;;;;
;;;;;;;;;;;;;;;;;;;;;;;;;;;;;;;;;;;;;;;;;;;;;;;;;
;;;;;;;;;;;;;;;;;;;;;;;;;;;;;;;;;;;;;;;;;;;;;;;;;
;;;;;;;;;;;;;;;;;;;;;;;;;;;;;;;;;;;;;;;;;;;;;;;;;
;;;;;;;;;;;;;;;;;;;;;;;;;;;;;;;;;;;;;;;;;;;;;;;;;
;;;;;;;;;;;;;;;;;;;;;;;;;;;;;;;;;;;;;;;;;;;;;;;;;
;;;;;;;;;;;;;;;;;;;;;;;;;;;;;;;;;;;;;;;;;;;;;;;;;
;;;;;;;;;;;;;;;;;;;;;;;;;;;;;;;;;;;;;;;;;;;;;;;;;
;;;;;;;;;;;;;;;;;;;;;;;;;;;;;;;;;;;;;;;;;;;;;;;;;
;;;;;;;;;;;;;;;;;;;;;;;;;;;;;;;;;;;;;;;;;;;;;;;;;
;;;;;;;;;;;;;;;;;;;;;;;;;;;;;;;;;;;;;;;;;;;;;;;;;
;;;;;;;;;;;;;;;;;;;;;;;;;;;;;;;;;;;;;;;;;;;;;;;;;
;;;;;;;;;;;;;;;;;;;;;;;;;;;;;;;;;;;;;;;;;;;;;;;;;
;;;;;;;;;;;;;;;;;;;;;;;;;;;;;;;;;;;;;;;;;;;;;;;;;
;;;;;;;;;;;;;;;;;;;;;;;;;;;;;;;;;;;;;;;;;;;;;;;;;
;;;;;;;;;;;;;;;;;;;;;;;;;;;;;;;;;;;;;;;;;;;;;;;;;
;;;;;;;;;;;;;;;;;;;;;;;;;;;;;;;;;;;;;;;;;;;;;;;;;
;;;;;;;;;;;;;;;;;;;;;;;;;;;;;;;;;;;;;;;;;;;;;;;;;
;;;;;;;;;;;;;;;;;;;;;;;;;;;;;;;;;;;;;;;;;;;;;;;;;
;;;;;;;;;;;;;;;;;;;;;;;;;;;;;;;;;;;;;;;;;;;;;;;;;
;;;;;;;;;;;;;;;;;;;;;;;;;;;;;;;;;;;;;;;;;;;;;;;;;
;;;;;;;;;;;;;;;;;;;;;;;;;;;;;;;;;;;;;;;;;;;;;;;;;
;;;;;;;;;;;;;;;;;;;;;;;;;;;;;;;;;;;;;;;;;;;;;;;;;
;;;;;;;;;;;;;;;;;;;;;;;;;;;;;;;;;;;;;;;;;;;;;;;;;
;;;;;;;;;;;;;;;;;;;;;;;;;;;;;;;;;;;;;;;;;;;;;;;;;
;;;;;;;;;;;;;;;;;;;;;;;;;;;;;;;;;;;;;;;;;;;;;;;;;
;;;;;;;;;;;;;;;;;;;;;;;;;;;;;;;;;;;;;;;;;;;;;;;;;
;;;;;;;;;;;;;;;;;;;;;;;;;;;;;;;;;;;;;;;;;;;;;;;;;
;;;;;;;;;;;;;;;;;;;;;;;;;;;;;;;;;;;;;;;;;;;;;;;;;
;;;;;;;;;;;;;;;;;;;;;;;;;;;;;;;;;;;;;;;;;;;;;;;;;
;;;;;;;;;;;;;;;;;;;;;;;;;;;;;;;;;;;;;;;;;;;;;;;;;
;;;;;;;;;;;;;;;;;;;;;;;;;;;;;;;;;;;;;;;;;;;;;;;;;
;;;;;;;;;;;;;;;;;;;;;;;;;;;;;;;;;;;;;;;;;;;;;;;;;
;;;;;;;;;;;;;;;;;;;;;;;;;;;;;;;;;;;;;;;;;;;;;;;;;
;;;;;;;;;;;;;;;;;;;;;;;;;;;;;;;;;;;;;;;;;;;;;;;;;
;;;;;;;;;;;;;;;;;;;;;;;;;;;;;;;;;;;;;;;;;;;;;;;;;
;;;;;;;;;;;;;;;;;;;;;;;;;;;;;;;;;;;;;;;;;;;;;;;;;
;;;;;;;;;;;;;;;;;;;;;;;;;;;;;;;;;;;;;;;;;;;;;;;;;
;;;;;;;;;;;;;;;;;;;;;;;;;;;;;;;;;;;;;;;;;;;;;;;;;
;;;;;;;;;;;;;;;;;;;;;;;;;;;;;;;;;;;;;;;;;;;;;;;;;
;;;;;;;;;;;;;;;;;;;;;;;;;;;;;;;;;;;;;;;;;;;;;;;;;
;;;;;;;;;;;;;;;;;;;;;;;;;;;;;;;;;;;;;;;;;;;;;;;;;
;;;;;;;;;;;;;;;;;;;;;;;;;;;;;;;;;;;;;;;;;;;;;;;;;
;;;;;;;;;;;;;;;;;;;;;;;;;;;;;;;;;;;;;;;;;;;;;;;;;
;;;;;;;;;;;;;;;;;;;;;;;;;;;;;;;;;;;;;;;;;;;;;;;;;
;;;;;;;;;;;;;;;;;;;;;;;;;;;;;;;;;;;;;;;;;;;;;;;;;
;;;;;;;;;;;;;;;;;;;;;;;;;;;;;;;;;;;;;;;;;;;;;;;;;
;;;;;;;;;;;;;;;;;;;;;;;;;;;;;;;;;;;;;;;;;;;;;;;;;
;;;;;;;;;;;;;;;;;;;;;;;;;;;;;;;;;;;;;;;;;;;;;;;;;
;;;;;;;;;;;;;;;;;;;;;;;;;;;;;;;;;;;;;;;;;;;;;;;;;
;;;;;;;;;;;;;;;;;;;;;;;;;;;;;;;;;;;;;;;;;;;;;;;;;
;;;;;;;;;;;;;;;;;;;;;;;;;;;;;;;;;;;;;;;;;;;;;;;;;
;;;;;;;;;;;;;;;;;;;;;;;;;;;;;;;;;;;;;;;;;;;;;;;;;
;;;;;;;;;;;;;;;;;;;;;;;;;;;;;;;;;;;;;;;;;;;;;;;;;
;;;;;;;;;;;;;;;;;;;;;;;;;;;;;;;;;;;;;;;;;;;;;;;;;
;;;;;;;;;;;;;;;;;;;;;;;;;;;;;;;;;;;;;;;;;;;;;;;;;
;;;;;;;;;;;;;;;;;;;;;;;;;;;;;;;;;;;;;;;;;;;;;;;;;
;;;;;;;;;;;;;;;;;;;;;;;;;;;;;;;;;;;;;;;;;;;;;;;;;
;;;;;;;;;;;;;;;;;;;;;;;;;;;;;;;;;;;;;;;;;;;;;;;;;
;;;;;;;;;;;;;;;;;;;;;;;;;;;;;;;;;;;;;;;;;;;;;;;;;
;;;;;;;;;;;;;;;;;;;;;;;;;;;;;;;;;;;;;;;;;;;;;;;;;
;;;;;;;;;;;;;;;;;;;;;;;;;;;;;;;;;;;;;;;;;;;;;;;;;
;;;;;;;;;;;;;;;;;;;;;;;;;;;;;;;;;;;;;;;;;;;;;;;;;
;;;;;;;;;;;;;;;;;;;;;;;;;;;;;;;;;;;;;;;;;;;;;;;;;
;;;;;;;;;;;;;;;;;;;;;;;;;;;;;;;;;;;;;;;;;;;;;;;;;
;;;;;;;;;;;;;;;;;;;;;;;;;;;;;;;;;;;;;;;;;;;;;;;;;
;;;;;;;;;;;;;;;;;;;;;;;;;;;;;;;;;;;;;;;;;;;;;;;;;
;;;;;;;;;;;;;;;;;;;;;;;;;;;;;;;;;;;;;;;;;;;;;;;;;
;;;;;;;;;;;;;;;;;;;;;;;;;;;;;;;;;;;;;;;;;;;;;;;;;
;;;;;;;;;;;;;;;;;;;;;;;;;;;;;;;;;;;;;;;;;;;;;;;;;
;;;;;;;;;;;;;;;;;;;;;;;;;;;;;;;;;;;;;;;;;;;;;;;;;
;;;;;;;;;;;;;;;;;;;;;;;;;;;;;;;;;;;;;;;;;;;;;;;;;
;;;;;;;;;;;;;;;;;;;;;;;;;;;;;;;;;;;;;;;;;;;;;;;;;
;;;;;;;;;;;;;;;;;;;;;;;;;;;;;;;;;;;;;;;;;;;;;;;;;
;;;;;;;;;;;;;;;;;;;;;;;;;;;;;;;;;;;;;;;;;;;;;;;;;
;;;;;;;;;;;;;;;;;;;;;;;;;;;;;;;;;;;;;;;;;;;;;;;;;
;;;;;;;;;;;;;;;;;;;;;;;;;;;;;;;;;;;;;;;;;;;;;;;;;
;;;;;;;;;;;;;;;;;;;;;;;;;;;;;;;;;;;;;;;;;;;;;;;;;
;;;;;;;;;;;;;;;;;;;;;;;;;;;;;;;;;;;;;;;;;;;;;;;;;
;;;;;;;;;;;;;;;;;;;;;;;;;;;;;;;;;;;;;;;;;;;;;;;;;
;;;;;;;;;;;;;;;;;;;;;;;;;;;;;;;;;;;;;;;;;;;;;;;;;
;;;;;;;;;;;;;;;;;;;;;;;;;;;;;;;;;;;;;;;;;;;;;;;;;
;;;;;;;;;;;;;;;;;;;;;;;;;;;;;;;;;;;;;;;;;;;;;;;;;
;;;;;;;;;;;;;;;;;;;;;;;;;;;;;;;;;;;;;;;;;;;;;;;;;
;;;;;;;;;;;;;;;;;;;;;;;;;;;;;;;;;;;;;;;;;;;;;;;;;
;;;;;;;;;;;;;;;;;;;;;;;;;;;;;;;;;;;;;;;;;;;;;;;;;
;;;;;;;;;;;;;;;;;;;;;;;;;;;;;;;;;;;;;;;;;;;;;;;;;
;;;;;;;;;;;;;;;;;;;;;;;;;;;;;;;;;;;;;;;;;;;;;;;;;
;;;;;;;;;;;;;;;;;;;;;;;;;;;;;;;;;;;;;;;;;;;;;;;;;
;;;;;;;;;;;;;;;;;;;;;;;;;;;;;;;;;;;;;;;;;;;;;;;;;
;;;;;;;;;;;;;;;;;;;;;;;;;;;;;;;;;;;;;;;;;;;;;;;;;
;;;;;;;;;;;;;;;;;;;;;;;;;;;;;;;;;;;;;;;;;;;;;;;;;
;;;;;;;;;;;;;;;;;;;;;;;;;;;;;;;;;;;;;;;;;;;;;;;;;
;;;;;;;;;;;;;;;;;;;;;;;;;;;;;;;;;;;;;;;;;;;;;;;;;
;;;;;;;;;;;;;;;;;;;;;;;;;;;;;;;;;;;;;;;;;;;;;;;;;
;;;;;;;;;;;;;;;;;;;;;;;;;;;;;;;;;;;;;;;;;;;;;;;;;
;;;;;;;;;;;;;;;;;;;;;;;;;;;;;;;;;;;;;;;;;;;;;;;;;
;;;;;;;;;;;;;;;;;;;;;;;;;;;;;;;;;;;;;;;;;;;;;;;;;
;;;;;;;;;;;;;;;;;;;;;;;;;;;;;;;;;;;;;;;;;;;;;;;;;
;;;;;;;;;;;;;;;;;;;;;;;;;;;;;;;;;;;;;;;;;;;;;;;;;
;;;;;;;;;;;;;;;;;;;;;;;;;;;;;;;;;;;;;;;;;;;;;;;;;
;;;;;;;;;;;;;;;;;;;;;;;;;;;;;;;;;;;;;;;;;;;;;;;;;
;;;;;;;;;;;;;;;;;;;;;;;;;;;;;;;;;;;;;;;;;;;;;;;;;
;;;;;;;;;;;;;;;;;;;;;;;;;;;;;;;;;;;;;;;;;;;;;;;;;
;;;;;;;;;;;;;;;;;;;;;;;;;;;;;;;;;;;;;;;;;;;;;;;;;
;;;;;;;;;;;;;;;;;;;;;;;;;;;;;;;;;;;;;;;;;;;;;;;;;
;;;;;;;;;;;;;;;;;;;;;;;;;;;;;;;;;;;;;;;;;;;;;;;;;
;;;;;;;;;;;;;;;;;;;;;;;;;;;;;;;;;;;;;;;;;;;;;;;;;
;;;;;;;;;;;;;;;;;;;;;;;;;;;;;;;;;;;;;;;;;;;;;;;;;
;;;;;;;;;;;;;;;;;;;;;;;;;;;;;;;;;;;;;;;;;;;;;;;;;
;;;;;;;;;;;;;;;;;;;;;;;;;;;;;;;;;;;;;;;;;;;;;;;;;
;;;;;;;;;;;;;;;;;;;;;;;;;;;;;;;;;;;;;;;;;;;;;;;;;
;;;;;;;;;;;;;;;;;;;;;;;;;;;;;;;;;;;;;;;;;;;;;;;;;
;;;;;;;;;;;;;;;;;;;;;;;;;;;;;;;;;;;;;;;;;;;;;;;;;
;;;;;;;;;;;;;;;;;;;;;;;;;;;;;;;;;;;;;;;;;;;;;;;;;
;;;;;;;;;;;;;;;;;;;;;;;;;;;;;;;;;;;;;;;;;;;;;;;;;
;;;;;;;;;;;;;;;;;;;;;;;;;;;;;;;;;;;;;;;;;;;;;;;;;
;;;;;;;;;;;;;;;;;;;;;;;;;;;;;;;;;;;;;;;;;;;;;;;;;
;;;;;;;;;;;;;;;;;;;;;;;;;;;;;;;;;;;;;;;;;;;;;;;;;
;;;;;;;;;;;;;;;;;;;;;;;;;;;;;;;;;;;;;;;;;;;;;;;;;
;;;;;;;;;;;;;;;;;;;;;;;;;;;;;;;;;;;;;;;;;;;;;;;;;
;;;;;;;;;;;;;;;;;;;;;;;;;;;;;;;;;;;;;;;;;;;;;;;;;
;;;;;;;;;;;;;;;;;;;;;;;;;;;;;;;;;;;;;;;;;;;;;;;;;
;;;;;;;;;;;;;;;;;;;;;;;;;;;;;;;;;;;;;;;;;;;;;;;;;
;;;;;;;;;;;;;;;;;;;;;;;;;;;;;;;;;;;;;;;;;;;;;;;;;
;;;;;;;;;;;;;;;;;;;;;;;;;;;;;;;;;;;;;;;;;;;;;;;;;
;;;;;;;;;;;;;;;;;;;;;;;;;;;;;;;;;;;;;;;;;;;;;;;;;
;;;;;;;;;;;;;;;;;;;;;;;;;;;;;;;;;;;;;;;;;;;;;;;;;
;;;;;;;;;;;;;;;;;;;;;;;;;;;;;;;;;;;;;;;;;;;;;;;;;
;;;;;;;;;;;;;;;;;;;;;;;;;;;;;;;;;;;;;;;;;;;;;;;;;
;;;;;;;;;;;;;;;;;;;;;;;;;;;;;;;;;;;;;;;;;;;;;;;;;
;;;;;;;;;;;;;;;;;;;;;;;;;;;;;;;;;;;;;;;;;;;;;;;;;
;;;;;;;;;;;;;;;;;;;;;;;;;;;;;;;;;;;;;;;;;;;;;;;;;
;;;;;;;;;;;;;;;;;;;;;;;;;;;;;;;;;;;;;;;;;;;;;;;;;
;;;;;;;;;;;;;;;;;;;;;;;;;;;;;;;;;;;;;;;;;;;;;;;;;
;;;;;;;;;;;;;;;;;;;;;;;;;;;;;;;;;;;;;;;;;;;;;;;;;
;;;;;;;;;;;;;;;;;;;;;;;;;;;;;;;;;;;;;;;;;;;;;;;;;
;;;;;;;;;;;;;;;;;;;;;;;;;;;;;;;;;;;;;;;;;;;;;;;;;
;;;;;;;;;;;;;;;;;;;;;;;;;;;;;;;;;;;;;;;;;;;;;;;;;
;;;;;;;;;;;;;;;;;;;;;;;;;;;;;;;;;;;;;;;;;;;;;;;;;
;;;;;;;;;;;;;;;;;;;;;;;;;;;;;;;;;;;;;;;;;;;;;;;;;
;;;;;;;;;;;;;;;;;;;;;;;;;;;;;;;;;;;;;;;;;;;;;;;;;
;;;;;;;;;;;;;;;;;;;;;;;;;;;;;;;;;;;;;;;;;;;;;;;;;
;;;;;;;;;;;;;;;;;;;;;;;;;;;;;;;;;;;;;;;;;;;;;;;;;
;;;;;;;;;;;;;;;;;;;;;;;;;;;;;;;;;;;;;;;;;;;;;;;;;
;;;;;;;;;;;;;;;;;;;;;;;;;;;;;;;;;;;;;;;;;;;;;;;;;
;;;;;;;;;;;;;;;;;;;;;;;;;;;;;;;;;;;;;;;;;;;;;;;;;
;;;;;;;;;;;;;;;;;;;;;;;;;;;;;;;;;;;;;;;;;;;;;;;;;
;;;;;;;;;;;;;;;;;;;;;;;;;;;;;;;;;;;;;;;;;;;;;;;;;
;;;;;;;;;;;;;;;;;;;;;;;;;;;;;;;;;;;;;;;;;;;;;;;;;
;;;;;;;;;;;;;;;;;;;;;;;;;;;;;;;;;;;;;;;;;;;;;;;;;
;;;;;;;;;;;;;;;;;;;;;;;;;;;;;;;;;;;;;;;;;;;;;;;;;
;;;;;;;;;;;;;;;;;;;;;;;;;;;;;;;;;;;;;;;;;;;;;;;;;
;;;;;;;;;;;;;;;;;;;;;;;;;;;;;;;;;;;;;;;;;;;;;;;;;
;;;;;;;;;;;;;;;;;;;;;;;;;;;;;;;;;;;;;;;;;;;;;;;;;
;;;;;;;;;;;;;;;;;;;;;;;;;;;;;;;;;;;;;;;;;;;;;;;;;
;;;;;;;;;;;;;;;;;;;;;;;;;;;;;;;;;;;;;;;;;;;;;;;;;
;;;;;;;;;;;;;;;;;;;;;;;;;;;;;;;;;;;;;;;;;;;;;;;;;
;;;;;;;;;;;;;;;;;;;;;;;;;;;;;;;;;;;;;;;;;;;;;;;;;
;;;;;;;;;;;;;;;;;;;;;;;;;;;;;;;;;;;;;;;;;;;;;;;;;
;;;;;;;;;;;;;;;;;;;;;;;;;;;;;;;;;;;;;;;;;;;;;;;;;
;;;;;;;;;;;;;;;;;;;;;;;;;;;;;;;;;;;;;;;;;;;;;;;;;
;;;;;;;;;;;;;;;;;;;;;;;;;;;;;;;;;;;;;;;;;;;;;;;;;
;;;;;;;;;;;;;;;;;;;;;;;;;;;;;;;;;;;;;;;;;;;;;;;;;
;;;;;;;;;;;;;;;;;;;;;;;;;;;;;;;;;;;;;;;;;;;;;;;;;
;;;;;;;;;;;;;;;;;;;;;;;;;;;;;;;;;;;;;;;;;;;;;;;;;
;;;;;;;;;;;;;;;;;;;;;;;;;;;;;;;;;;;;;;;;;;;;;;;;;
;;;;;;;;;;;;;;;;;;;;;;;;;;;;;;;;;;;;;;;;;;;;;;;;;
;;;;;;;;;;;;;;;;;;;;;;;;;;;;;;;;;;;;;;;;;;;;;;;;;
;;;;;;;;;;;;;;;;;;;;;;;;;;;;;;;;;;;;;;;;;;;;;;;;;
;;;;;;;;;;;;;;;;;;;;;;;;;;;;;;;;;;;;;;;;;;;;;;;;;
;;;;;;;;;;;;;;;;;;;;;;;;;;;;;;;;;;;;;;;;;;;;;;;;;
;;;;;;;;;;;;;;;;;;;;;;;;;;;;;;;;;;;;;;;;;;;;;;;;;
;;;;;;;;;;;;;;;;;;;;;;;;;;;;;;;;;;;;;;;;;;;;;;;;;
;;;;;;;;;;;;;;;;;;;;;;;;;;;;;;;;;;;;;;;;;;;;;;;;;
;;;;;;;;;;;;;;;;;;;;;;;;;;;;;;;;;;;;;;;;;;;;;;;;;
;;;;;;;;;;;;;;;;;;;;;;;;;;;;;;;;;;;;;;;;;;;;;;;;;
;;;;;;;;;;;;;;;;;;;;;;;;;;;;;;;;;;;;;;;;;;;;;;;;;
;;;;;;;;;;;;;;;;;;;;;;;;;;;;;;;;;;;;;;;;;;;;;;;;;
;;;;;;;;;;;;;;;;;;;;;;;;;;;;;;;;;;;;;;;;;;;;;;;;;
;;;;;;;;;;;;;;;;;;;;;;;;;;;;;;;;;;;;;;;;;;;;;;;;;
;;;;;;;;;;;;;;;;;;;;;;;;;;;;;;;;;;;;;;;;;;;;;;;;;
;;;;;;;;;;;;;;;;;;;;;;;;;;;;;;;;;;;;;;;;;;;;;;;;;
;;;;;;;;;;;;;;;;;;;;;;;;;;;;;;;;;;;;;;;;;;;;;;;;;
;;;;;;;;;;;;;;;;;;;;;;;;;;;;;;;;;;;;;;;;;;;;;;;;;
;;;;;;;;;;;;;;;;;;;;;;;;;;;;;;;;;;;;;;;;;;;;;;;;;
;;;;;;;;;;;;;;;;;;;;;;;;;;;;;;;;;;;;;;;;;;;;;;;;;
;;;;;;;;;;;;;;;;;;;;;;;;;;;;;;;;;;;;;;;;;;;;;;;;;
;;;;;;;;;;;;;;;;;;;;;;;;;;;;;;;;;;;;;;;;;;;;;;;;;
;;;;;;;;;;;;;;;;;;;;;;;;;;;;;;;;;;;;;;;;;;;;;;;;;
;;;;;;;;;;;;;;;;;;;;;;;;;;;;;;;;;;;;;;;;;;;;;;;;;
;;;;;;;;;;;;;;;;;;;;;;;;;;;;;;;;;;;;;;;;;;;;;;;;;
;;;;;;;;;;;;;;;;;;;;;;;;;;;;;;;;;;;;;;;;;;;;;;;;;
;;;;;;;;;;;;;;;;;;;;;;;;;;;;;;;;;;;;;;;;;;;;;;;;;
;;;;;;;;;;;;;;;;;;;;;;;;;;;;;;;;;;;;;;;;;;;;;;;;;
;;;;;;;;;;;;;;;;;;;;;;;;;;;;;;;;;;;;;;;;;;;;;;;;;
;;;;;;;;;;;;;;;;;;;;;;;;;;;;;;;;;;;;;;;;;;;;;;;;;
;;;;;;;;;;;;;;;;;;;;;;;;;;;;;;;;;;;;;;;;;;;;;;;;;
;;;;;;;;;;;;;;;;;;;;;;;;;;;;;;;;;;;;;;;;;;;;;;;;;
;;;;;;;;;;;;;;;;;;;;;;;;;;;;;;;;;;;;;;;;;;;;;;;;;
;;;;;;;;;;;;;;;;;;;;;;;;;;;;;;;;;;;;;;;;;;;;;;;;;
;;;;;;;;;;;;;;;;;;;;;;;;;;;;;;;;;;;;;;;;;;;;;;;;;
;;;;;;;;;;;;;;;;;;;;;;;;;;;;;;;;;;;;;;;;;;;;;;;;;
;;;;;;;;;;;;;;;;;;;;;;;;;;;;;;;;;;;;;;;;;;;;;;;;;
;;;;;;;;;;;;;;;;;;;;;;;;;;;;;;;;;;;;;;;;;;;;;;;;;
;;;;;;;;;;;;;;;;;;;;;;;;;;;;;;;;;;;;;;;;;;;;;;;;;
;;;;;;;;;;;;;;;;;;;;;;;;;;;;;;;;;;;;;;;;;;;;;;;;;
;;;;;;;;;;;;;;;;;;;;;;;;;;;;;;;;;;;;;;;;;;;;;;;;;
;;;;;;;;;;;;;;;;;;;;;;;;;;;;;;;;;;;;;;;;;;;;;;;;;
;;;;;;;;;;;;;;;;;;;;;;;;;;;;;;;;;;;;;;;;;;;;;;;;;
;;;;;;;;;;;;;;;;;;;;;;;;;;;;;;;;;;;;;;;;;;;;;;;;;
;;;;;;;;;;;;;;;;;;;;;;;;;;;;;;;;;;;;;;;;;;;;;;;;;
;;;;;;;;;;;;;;;;;;;;;;;;;;;;;;;;;;;;;;;;;;;;;;;;;
;;;;;;;;;;;;;;;;;;;;;;;;;;;;;;;;;;;;;;;;;;;;;;;;;
;;;;;;;;;;;;;;;;;;;;;;;;;;;;;;;;;;;;;;;;;;;;;;;;;
;;;;;;;;;;;;;;;;;;;;;;;;;;;;;;;;;;;;;;;;;;;;;;;;;
;;;;;;;;;;;;;;;;;;;;;;;;;;;;;;;;;;;;;;;;;;;;;;;;;
;;;;;;;;;;;;;;;;;;;;;;;;;;;;;;;;;;;;;;;;;;;;;;;;;
;;;;;;;;;;;;;;;;;;;;;;;;;;;;;;;;;;;;;;;;;;;;;;;;;
;;;;;;;;;;;;;;;;;;;;;;;;;;;;;;;;;;;;;;;;;;;;;;;;;
;;;;;;;;;;;;;;;;;;;;;;;;;;;;;;;;;;;;;;;;;;;;;;;;;
;;;;;;;;;;;;;;;;;;;;;;;;;;;;;;;;;;;;;;;;;;;;;;;;;
;;;;;;;;;;;;;;;;;;;;;;;;;;;;;;;;;;;;;;;;;;;;;;;;;
;;;;;;;;;;;;;;;;;;;;;;;;;;;;;;;;;;;;;;;;;;;;;;;;;
;;;;;;;;;;;;;;;;;;;;;;;;;;;;;;;;;;;;;;;;;;;;;;;;;
;;;;;;;;;;;;;;;;;;;;;;;;;;;;;;;;;;;;;;;;;;;;;;;;;
;;;;;;;;;;;;;;;;;;;;;;;;;;;;;;;;;;;;;;;;;;;;;;;;;
;;;;;;;;;;;;;;;;;;;;;;;;;;;;;;;;;;;;;;;;;;;;;;;;;
;;;;;;;;;;;;;;;;;;;;;;;;;;;;;;;;;;;;;;;;;;;;;;;;;
;;;;;;;;;;;;;;;;;;;;;;;;;;;;;;;;;;;;;;;;;;;;;;;;;
;;;;;;;;;;;;;;;;;;;;;;;;;;;;;;;;;;;;;;;;;;;;;;;;;
;;;;;;;;;;;;;;;;;;;;;;;;;;;;;;;;;;;;;;;;;;;;;;;;;
;;;;;;;;;;;;;;;;;;;;;;;;;;;;;;;;;;;;;;;;;;;;;;;;;
;;;;;;;;;;;;;;;;;;;;;;;;;;;;;;;;;;;;;;;;;;;;;;;;;
;;;;;;;;;;;;;;;;;;;;;;;;;;;;;;;;;;;;;;;;;;;;;;;;;
;;;;;;;;;;;;;;;;;;;;;;;;;;;;;;;;;;;;;;;;;;;;;;;;;
;;;;;;;;;;;;;;;;;;;;;;;;;;;;;;;;;;;;;;;;;;;;;;;;;
;;;;;;;;;;;;;;;;;;;;;;;;;;;;;;;;;;;;;;;;;;;;;;;;;
;;;;;;;;;;;;;;;;;;;;;;;;;;;;;;;;;;;;;;;;;;;;;;;;;
;;;;;;;;;;;;;;;;;;;;;;;;;;;;;;;;;;;;;;;;;;;;;;;;;
;;;;;;;;;;;;;;;;;;;;;;;;;;;;;;;;;;;;;;;;;;;;;;;;;
;;;;;;;;;;;;;;;;;;;;;;;;;;;;;;;;;;;;;;;;;;;;;;;;;
;;;;;;;;;;;;;;;;;;;;;;;;;;;;;;;;;;;;;;;;;;;;;;;;;
;;;;;;;;;;;;;;;;;;;;;;;;;;;;;;;;;;;;;;;;;;;;;;;;;
;;;;;;;;;;;;;;;;;;;;;;;;;;;;;;;;;;;;;;;;;;;;;;;;;
;;;;;;;;;;;;;;;;;;;;;;;;;;;;;;;;;;;;;;;;;;;;;;;;;
;;;;;;;;;;;;;;;;;;;;;;;;;;;;;;;;;;;;;;;;;;;;;;;;;
;;;;;;;;;;;;;;;;;;;;;;;;;;;;;;;;;;;;;;;;;;;;;;;;;
;;;;;;;;;;;;;;;;;;;;;;;;;;;;;;;;;;;;;;;;;;;;;;;;;
;;;;;;;;;;;;;;;;;;;;;;;;;;;;;;;;;;;;;;;;;;;;;;;;;
;;;;;;;;;;;;;;;;;;;;;;;;;;;;;;;;;;;;;;;;;;;;;;;;;
;;;;;;;;;;;;;;;;;;;;;;;;;;;;;;;;;;;;;;;;;;;;;;;;;
;;;;;;;;;;;;;;;;;;;;;;;;;;;;;;;;;;;;;;;;;;;;;;;;;
;;;;;;;;;;;;;;;;;;;;;;;;;;;;;;;;;;;;;;;;;;;;;;;;;
;;;;;;;;;;;;;;;;;;;;;;;;;;;;;;;;;;;;;;;;;;;;;;;;;
;;;;;;;;;;;;;;;;;;;;;;;;;;;;;;;;;;;;;;;;;;;;;;;;;
;;;;;;;;;;;;;;;;;;;;;;;;;;;;;;;;;;;;;;;;;;;;;;;;;
;;;;;;;;;;;;;;;;;;;;;;;;;;;;;;;;;;;;;;;;;;;;;;;;;
;;;;;;;;;;;;;;;;;;;;;;;;;;;;;;;;;;;;;;;;;;;;;;;;;
;;;;;;;;;;;;;;;;;;;;;;;;;;;;;;;;;;;;;;;;;;;;;;;;;
;;;;;;;;;;;;;;;;;;;;;;;;;;;;;;;;;;;;;;;;;;;;;;;;;
;;;;;;;;;;;;;;;;;;;;;;;;;;;;;;;;;;;;;;;;;;;;;;;;;
;;;;;;;;;;;;;;;;;;;;;;;;;;;;;;;;;;;;;;;;;;;;;;;;;
;;;;;;;;;;;;;;;;;;;;;;;;;;;;;;;;;;;;;;;;;;;;;;;;;
;;;;;;;;;;;;;;;;;;;;;;;;;;;;;;;;;;;;;;;;;;;;;;;;;
;;;;;;;;;;;;;;;;;;;;;;;;;;;;;;;;;;;;;;;;;;;;;;;;;
;;;;;;;;;;;;;;;;;;;;;;;;;;;;;;;;;;;;;;;;;;;;;;;;;
;;;;;;;;;;;;;;;;;;;;;;;;;;;;;;;;;;;;;;;;;;;;;;;;;
;;;;;;;;;;;;;;;;;;;;;;;;;;;;;;;;;;;;;;;;;;;;;;;;;
;;;;;;;;;;;;;;;;;;;;;;;;;;;;;;;;;;;;;;;;;;;;;;;;;
;;;;;;;;;;;;;;;;;;;;;;;;;;;;;;;;;;;;;;;;;;;;;;;;;
;;;;;;;;;;;;;;;;;;;;;;;;;;;;;;;;;;;;;;;;;;;;;;;;;
;;;;;;;;;;;;;;;;;;;;;;;;;;;;;;;;;;;;;;;;;;;;;;;;;
;;;;;;;;;;;;;;;;;;;;;;;;;;;;;;;;;;;;;;;;;;;;;;;;;
;;;;;;;;;;;;;;;;;;;;;;;;;;;;;;;;;;;;;;;;;;;;;;;;;
;;;;;;;;;;;;;;;;;;;;;;;;;;;;;;;;;;;;;;;;;;;;;;;;;
;;;;;;;;;;;;;;;;;;;;;;;;;;;;;;;;;;;;;;;;;;;;;;;;;
;;;;;;;;;;;;;;;;;;;;;;;;;;;;;;;;;;;;;;;;;;;;;;;;;
;;;;;;;;;;;;;;;;;;;;;;;;;;;;;;;;;;;;;;;;;;;;;;;;;
;;;;;;;;;;;;;;;;;;;;;;;;;;;;;;;;;;;;;;;;;;;;;;;;;
;;;;;;;;;;;;;;;;;;;;;;;;;;;;;;;;;;;;;;;;;;;;;;;;;
;;;;;;;;;;;;;;;;;;;;;;;;;;;;;;;;;;;;;;;;;;;;;;;;;
;;;;;;;;;;;;;;;;;;;;;;;;;;;;;;;;;;;;;;;;;;;;;;;;;
;;;;;;;;;;;;;;;;;;;;;;;;;;;;;;;;;;;;;;;;;;;;;;;;;
;;;;;;;;;;;;;;;;;;;;;;;;;;;;;;;;;;;;;;;;;;;;;;;;;
;;;;;;;;;;;;;;;;;;;;;;;;;;;;;;;;;;;;;;;;;;;;;;;;;
;;;;;;;;;;;;;;;;;;;;;;;;;;;;;;;;;;;;;;;;;;;;;;;;;
;;;;;;;;;;;;;;;;;;;;;;;;;;;;;;;;;;;;;;;;;;;;;;;;;
;;;;;;;;;;;;;;;;;;;;;;;;;;;;;;;;;;;;;;;;;;;;;;;;;
;;;;;;;;;;;;;;;;;;;;;;;;;;;;;;;;;;;;;;;;;;;;;;;;;
;;;;;;;;;;;;;;;;;;;;;;;;;;;;;;;;;;;;;;;;;;;;;;;;;
;;;;;;;;;;;;;;;;;;;;;;;;;;;;;;;;;;;;;;;;;;;;;;;;;
;;;;;;;;;;;;;;;;;;;;;;;;;;;;;;;;;;;;;;;;;;;;;;;;;
;;;;;;;;;;;;;;;;;;;;;;;;;;;;;;;;;;;;;;;;;;;;;;;;;
;;;;;;;;;;;;;;;;;;;;;;;;;;;;;;;;;;;;;;;;;;;;;;;;;
;;;;;;;;;;;;;;;;;;;;;;;;;;;;;;;;;;;;;;;;;;;;;;;;;
;;;;;;;;;;;;;;;;;;;;;;;;;;;;;;;;;;;;;;;;;;;;;;;;;
;;;;;;;;;;;;;;;;;;;;;;;;;;;;;;;;;;;;;;;;;;;;;;;;;
;;;;;;;;;;;;;;;;;;;;;;;;;;;;;;;;;;;;;;;;;;;;;;;;;
;;;;;;;;;;;;;;;;;;;;;;;;;;;;;;;;;;;;;;;;;;;;;;;;;
;;;;;;;;;;;;;;;;;;;;;;;;;;;;;;;;;;;;;;;;;;;;;;;;;
;;;;;;;;;;;;;;;;;;;;;;;;;;;;;;;;;;;;;;;;;;;;;;;;;
;;;;;;;;;;;;;;;;;;;;;;;;;;;;;;;;;;;;;;;;;;;;;;;;;
;;;;;;;;;;;;;;;;;;;;;;;;;;;;;;;;;;;;;;;;;;;;;;;;;
;;;;;;;;;;;;;;;;;;;;;;;;;;;;;;;;;;;;;;;;;;;;;;;;;
;;;;;;;;;;;;;;;;;;;;;;;;;;;;;;;;;;;;;;;;;;;;;;;;;
;;;;;;;;;;;;;;;;;;;;;;;;;;;;;;;;;;;;;;;;;;;;;;;;;
;;;;;;;;;;;;;;;;;;;;;;;;;;;;;;;;;;;;;;;;;;;;;;;;;
;;;;;;;;;;;;;;;;;;;;;;;;;;;;;;;;;;;;;;;;;;;;;;;;;
;;;;;;;;;;;;;;;;;;;;;;;;;;;;;;;;;;;;;;;;;;;;;;;;;
;;;;;;;;;;;;;;;;;;;;;;;;;;;;;;;;;;;;;;;;;;;;;;;;;
;;;;;;;;;;;;;;;;;;;;;;;;;;;;;;;;;;;;;;;;;;;;;;;;;
;;;;;;;;;;;;;;;;;;;;;;;;;;;;;;;;;;;;;;;;;;;;;;;;;
;;;;;;;;;;;;;;;;;;;;;;;;;;;;;;;;;;;;;;;;;;;;;;;;;
;;;;;;;;;;;;;;;;;;;;;;;;;;;;;;;;;;;;;;;;;;;;;;;;;
;;;;;;;;;;;;;;;;;;;;;;;;;;;;;;;;;;;;;;;;;;;;;;;;;
;;;;;;;;;;;;;;;;;;;;;;;;;;;;;;;;;;;;;;;;;;;;;;;;;
;;;;;;;;;;;;;;;;;;;;;;;;;;;;;;;;;;;;;;;;;;;;;;;;;
;;;;;;;;;;;;;;;;;;;;;;;;;;;;;;;;;;;;;;;;;;;;;;;;;
;;;;;;;;;;;;;;;;;;;;;;;;;;;;;;;;;;;;;;;;;;;;;;;;;
;;;;;;;;;;;;;;;;;;;;;;;;;;;;;;;;;;;;;;;;;;;;;;;;;
;;;;;;;;;;;;;;;;;;;;;;;;;;;;;;;;;;;;;;;;;;;;;;;;;
;;;;;;;;;;;;;;;;;;;;;;;;;;;;;;;;;;;;;;;;;;;;;;;;;
;;;;;;;;;;;;;;;;;;;;;;;;;;;;;;;;;;;;;;;;;;;;;;;;;
;;;;;;;;;;;;;;;;;;;;;;;;;;;;;;;;;;;;;;;;;;;;;;;;;
;;;;;;;;;;;;;;;;;;;;;;;;;;;;;;;;;;;;;;;;;;;;;;;;;
;;;;;;;;;;;;;;;;;;;;;;;;;;;;;;;;;;;;;;;;;;;;;;;;;
;;;;;;;;;;;;;;;;;;;;;;;;;;;;;;;;;;;;;;;;;;;;;;;;;
;;;;;;;;;;;;;;;;;;;;;;;;;;;;;;;;;;;;;;;;;;;;;;;;;
;;;;;;;;;;;;;;;;;;;;;;;;;;;;;;;;;;;;;;;;;;;;;;;;;
;;;;;;;;;;;;;;;;;;;;;;;;;;;;;;;;;;;;;;;;;;;;;;;;;
;;;;;;;;;;;;;;;;;;;;;;;;;;;;;;;;;;;;;;;;;;;;;;;;;
;;;;;;;;;;;;;;;;;;;;;;;;;;;;;;;;;;;;;;;;;;;;;;;;;
;;;;;;;;;;;;;;;;;;;;;;;;;;;;;;;;;;;;;;;;;;;;;;;;;
;;;;;;;;;;;;;;;;;;;;;;;;;;;;;;;;;;;;;;;;;;;;;;;;;
;;;;;;;;;;;;;;;;;;;;;;;;;;;;;;;;;;;;;;;;;;;;;;;;;
;;;;;;;;;;;;;;;;;;;;;;;;;;;;;;;;;;;;;;;;;;;;;;;;;
;;;;;;;;;;;;;;;;;;;;;;;;;;;;;;;;;;;;;;;;;;;;;;;;;
;;;;;;;;;;;;;;;;;;;;;;;;;;;;;;;;;;;;;;;;;;;;;;;;;
;;;;;;;;;;;;;;;;;;;;;;;;;;;;;;;;;;;;;;;;;;;;;;;;;
;;;;;;;;;;;;;;;;;;;;;;;;;;;;;;;;;;;;;;;;;;;;;;;;;
;;;;;;;;;;;;;;;;;;;;;;;;;;;;;;;;;;;;;;;;;;;;;;;;;
;;;;;;;;;;;;;;;;;;;;;;;;;;;;;;;;;;;;;;;;;;;;;;;;;
;;;;;;;;;;;;;;;;;;;;;;;;;;;;;;;;;;;;;;;;;;;;;;;;;
;;;;;;;;;;;;;;;;;;;;;;;;;;;;;;;;;;;;;;;;;;;;;;;;;
;;;;;;;;;;;;;;;;;;;;;;;;;;;;;;;;;;;;;;;;;;;;;;;;;
;;;;;;;;;;;;;;;;;;;;;;;;;;;;;;;;;;;;;;;;;;;;;;;;;
;;;;;;;;;;;;;;;;;;;;;;;;;;;;;;;;;;;;;;;;;;;;;;;;;
;;;;;;;;;;;;;;;;;;;;;;;;;;;;;;;;;;;;;;;;;;;;;;;;;
;;;;;;;;;;;;;;;;;;;;;;;;;;;;;;;;;;;;;;;;;;;;;;;;;
;;;;;;;;;;;;;;;;;;;;;;;;;;;;;;;;;;;;;;;;;;;;;;;;;
;;;;;;;;;;;;;;;;;;;;;;;;;;;;;;;;;;;;;;;;;;;;;;;;;
;;;;;;;;;;;;;;;;;;;;;;;;;;;;;;;;;;;;;;;;;;;;;;;;;
;;;;;;;;;;;;;;;;;;;;;;;;;;;;;;;;;;;;;;;;;;;;;;;;;
;;;;;;;;;;;;;;;;;;;;;;;;;;;;;;;;;;;;;;;;;;;;;;;;;
;;;;;;;;;;;;;;;;;;;;;;;;;;;;;;;;;;;;;;;;;;;;;;;;;
;;;;;;;;;;;;;;;;;;;;;;;;;;;;;;;;;;;;;;;;;;;;;;;;;
;;;;;;;;;;;;;;;;;;;;;;;;;;;;;;;;;;;;;;;;;;;;;;;;;
;;;;;;;;;;;;;;;;;;;;;;;;;;;;;;;;;;;;;;;;;;;;;;;;;
;;;;;;;;;;;;;;;;;;;;;;;;;;;;;;;;;;;;;;;;;;;;;;;;;
;;;;;;;;;;;;;;;;;;;;;;;;;;;;;;;;;;;;;;;;;;;;;;;;;
;;;;;;;;;;;;;;;;;;;;;;;;;;;;;;;;;;;;;;;;;;;;;;;;;
;;;;;;;;;;;;;;;;;;;;;;;;;;;;;;;;;;;;;;;;;;;;;;;;;
;;;;;;;;;;;;;;;;;;;;;;;;;;;;;;;;;;;;;;;;;;;;;;;;;
;;;;;;;;;;;;;;;;;;;;;;;;;;;;;;;;;;;;;;;;;;;;;;;;;
;;;;;;;;;;;;;;;;;;;;;;;;;;;;;;;;;;;;;;;;;;;;;;;;;
;;;;;;;;;;;;;;;;;;;;;;;;;;;;;;;;;;;;;;;;;;;;;;;;;
;;;;;;;;;;;;;;;;;;;;;;;;;;;;;;;;;;;;;;;;;;;;;;;;;
;;;;;;;;;;;;;;;;;;;;;;;;;;;;;;;;;;;;;;;;;;;;;;;;;
;;;;;;;;;;;;;;;;;;;;;;;;;;;;;;;;;;;;;;;;;;;;;;;;;
;;;;;;;;;;;;;;;;;;;;;;;;;;;;;;;;;;;;;;;;;;;;;;;;;
;;;;;;;;;;;;;;;;;;;;;;;;;;;;;;;;;;;;;;;;;;;;;;;;;
;;;;;;;;;;;;;;;;;;;;;;;;;;;;;;;;;;;;;;;;;;;;;;;;;
;;;;;;;;;;;;;;;;;;;;;;;;;;;;;;;;;;;;;;;;;;;;;;;;;
;;;;;;;;;;;;;;;;;;;;;;;;;;;;;;;;;;;;;;;;;;;;;;;;;
;;;;;;;;;;;;;;;;;;;;;;;;;;;;;;;;;;;;;;;;;;;;;;;;;
;;;;;;;;;;;;;;;;;;;;;;;;;;;;;;;;;;;;;;;;;;;;;;;;;
;;;;;;;;;;;;;;;;;;;;;;;;;;;;;;;;;;;;;;;;;;;;;;;;;
;;;;;;;;;;;;;;;;;;;;;;;;;;;;;;;;;;;;;;;;;;;;;;;;;
;;;;;;;;;;;;;;;;;;;;;;;;;;;;;;;;;;;;;;;;;;;;;;;;;
;;;;;;;;;;;;;;;;;;;;;;;;;;;;;;;;;;;;;;;;;;;;;;;;;
;;;;;;;;;;;;;;;;;;;;;;;;;;;;;;;;;;;;;;;;;;;;;;;;;
;;;;;;;;;;;;;;;;;;;;;;;;;;;;;;;;;;;;;;;;;;;;;;;;;
;;;;;;;;;;;;;;;;;;;;;;;;;;;;;;;;;;;;;;;;;;;;;;;;;
;;;;;;;;;;;;;;;;;;;;;;;;;;;;;;;;;;;;;;;;;;;;;;;;;
;;;;;;;;;;;;;;;;;;;;;;;;;;;;;;;;;;;;;;;;;;;;;;;;;
;;;;;;;;;;;;;;;;;;;;;;;;;;;;;;;;;;;;;;;;;;;;;;;;;
;;;;;;;;;;;;;;;;;;;;;;;;;;;;;;;;;;;;;;;;;;;;;;;;;
;;;;;;;;;;;;;;;;;;;;;;;;;;;;;;;;;;;;;;;;;;;;;;;;;
;;;;;;;;;;;;;;;;;;;;;;;;;;;;;;;;;;;;;;;;;;;;;;;;;
;;;;;;;;;;;;;;;;;;;;;;;;;;;;;;;;;;;;;;;;;;;;;;;;;
;;;;;;;;;;;;;;;;;;;;;;;;;;;;;;;;;;;;;;;;;;;;;;;;;
;;;;;;;;;;;;;;;;;;;;;;;;;;;;;;;;;;;;;;;;;;;;;;;;;
;;;;;;;;;;;;;;;;;;;;;;;;;;;;;;;;;;;;;;;;;;;;;;;;;
;;;;;;;;;;;;;;;;;;;;;;;;;;;;;;;;;;;;;;;;;;;;;;;;;
;;;;;;;;;;;;;;;;;;;;;;;;;;;;;;;;;;;;;;;;;;;;;;;;;
;;;;;;;;;;;;;;;;;;;;;;;;;;;;;;;;;;;;;;;;;;;;;;;;;
;;;;;;;;;;;;;;;;;;;;;;;;;;;;;;;;;;;;;;;;;;;;;;;;;
;;;;;;;;;;;;;;;;;;;;;;;;;;;;;;;;;;;;;;;;;;;;;;;;;
;;;;;;;;;;;;;;;;;;;;;;;;;;;;;;;;;;;;;;;;;;;;;;;;;
;;;;;;;;;;;;;;;;;;;;;;;;;;;;;;;;;;;;;;;;;;;;;;;;;
;;;;;;;;;;;;;;;;;;;;;;;;;;;;;;;;;;;;;;;;;;;;;;;;;
;;;;;;;;;;;;;;;;;;;;;;;;;;;;;;;;;;;;;;;;;;;;;;;;;
;;;;;;;;;;;;;;;;;;;;;;;;;;;;;;;;;;;;;;;;;;;;;;;;;
;;;;;;;;;;;;;;;;;;;;;;;;;;;;;;;;;;;;;;;;;;;;;;;;;
;;;;;;;;;;;;;;;;;;;;;;;;;;;;;;;;;;;;;;;;;;;;;;;;;
;;;;;;;;;;;;;;;;;;;;;;;;;;;;;;;;;;;;;;;;;;;;;;;;;
;;;;;;;;;;;;;;;;;;;;;;;;;;;;;;;;;;;;;;;;;;;;;;;;;
;;;;;;;;;;;;;;;;;;;;;;;;;;;;;;;;;;;;;;;;;;;;;;;;;
;;;;;;;;;;;;;;;;;;;;;;;;;;;;;;;;;;;;;;;;;;;;;;;;;
;;;;;;;;;;;;;;;;;;;;;;;;;;;;;;;;;;;;;;;;;;;;;;;;;
;;;;;;;;;;;;;;;;;;;;;;;;;;;;;;;;;;;;;;;;;;;;;;;;;
;;;;;;;;;;;;;;;;;;;;;;;;;;;;;;;;;;;;;;;;;;;;;;;;;
;;;;;;;;;;;;;;;;;;;;;;;;;;;;;;;;;;;;;;;;;;;;;;;;;
;;;;;;;;;;;;;;;;;;;;;;;;;;;;;;;;;;;;;;;;;;;;;;;;;
;;;;;;;;;;;;;;;;;;;;;;;;;;;;;;;;;;;;;;;;;;;;;;;;;
;;;;;;;;;;;;;;;;;;;;;;;;;;;;;;;;;;;;;;;;;;;;;;;;;
;;;;;;;;;;;;;;;;;;;;;;;;;;;;;;;;;;;;;;;;;;;;;;;;;
;;;;;;;;;;;;;;;;;;;;;;;;;;;;;;;;;;;;;;;;;;;;;;;;;
;;;;;;;;;;;;;;;;;;;;;;;;;;;;;;;;;;;;;;;;;;;;;;;;;
;;;;;;;;;;;;;;;;;;;;;;;;;;;;;;;;;;;;;;;;;;;;;;;;;
;;;;;;;;;;;;;;;;;;;;;;;;;;;;;;;;;;;;;;;;;;;;;;;;;
;;;;;;;;;;;;;;;;;;;;;;;;;;;;;;;;;;;;;;;;;;;;;;;;;
;;;;;;;;;;;;;;;;;;;;;;;;;;;;;;;;;;;;;;;;;;;;;;;;;
;;;;;;;;;;;;;;;;;;;;;;;;;;;;;;;;;;;;;;;;;;;;;;;;;
;;;;;;;;;;;;;;;;;;;;;;;;;;;;;;;;;;;;;;;;;;;;;;;;;
;;;;;;;;;;;;;;;;;;;;;;;;;;;;;;;;;;;;;;;;;;;;;;;;;
;;;;;;;;;;;;;;;;;;;;;;;;;;;;;;;;;;;;;;;;;;;;;;;;;
;;;;;;;;;;;;;;;;;;;;;;;;;;;;;;;;;;;;;;;;;;;;;;;;;
;;;;;;;;;;;;;;;;;;;;;;;;;;;;;;;;;;;;;;;;;;;;;;;;;
;;;;;;;;;;;;;;;;;;;;;;;;;;;;;;;;;;;;;;;;;;;;;;;;;
;;;;;;;;;;;;;;;;;;;;;;;;;;;;;;;;;;;;;;;;;;;;;;;;;
;;;;;;;;;;;;;;;;;;;;;;;;;;;;;;;;;;;;;;;;;;;;;;;;;
;;;;;;;;;;;;;;;;;;;;;;;;;;;;;;;;;;;;;;;;;;;;;;;;;
;;;;;;;;;;;;;;;;;;;;;;;;;;;;;;;;;;;;;;;;;;;;;;;;;
;;;;;;;;;;;;;;;;;;;;;;;;;;;;;;;;;;;;;;;;;;;;;;;;;
;;;;;;;;;;;;;;;;;;;;;;;;;;;;;;;;;;;;;;;;;;;;;;;;;
;;;;;;;;;;;;;;;;;;;;;;;;;;;;;;;;;;;;;;;;;;;;;;;;;
;;;;;;;;;;;;;;;;;;;;;;;;;;;;;;;;;;;;;;;;;;;;;;;;;
;;;;;;;;;;;;;;;;;;;;;;;;;;;;;;;;;;;;;;;;;;;;;;;;;
;;;;;;;;;;;;;;;;;;;;;;;;;;;;;;;;;;;;;;;;;;;;;;;;;
;;;;;;;;;;;;;;;;;;;;;;;;;;;;;;;;;;;;;;;;;;;;;;;;;
;;;;;;;;;;;;;;;;;;;;;;;;;;;;;;;;;;;;;;;;;;;;;;;;;
;;;;;;;;;;;;;;;;;;;;;;;;;;;;;;;;;;;;;;;;;;;;;;;;;
;;;;;;;;;;;;;;;;;;;;;;;;;;;;;;;;;;;;;;;;;;;;;;;;;
;;;;;;;;;;;;;;;;;;;;;;;;;;;;;;;;;;;;;;;;;;;;;;;;;
;;;;;;;;;;;;;;;;;;;;;;;;;;;;;;;;;;;;;;;;;;;;;;;;;
;;;;;;;;;;;;;;;;;;;;;;;;;;;;;;;;;;;;;;;;;;;;;;;;;
;;;;;;;;;;;;;;;;;;;;;;;;;;;;;;;;;;;;;;;;;;;;;;;;;
;;;;;;;;;;;;;;;;;;;;;;;;;;;;;;;;;;;;;;;;;;;;;;;;;
;;;;;;;;;;;;;;;;;;;;;;;;;;;;;;;;;;;;;;;;;;;;;;;;;
;;;;;;;;;;;;;;;;;;;;;;;;;;;;;;;;;;;;;;;;;;;;;;;;;
;;;;;;;;;;;;;;;;;;;;;;;;;;;;;;;;;;;;;;;;;;;;;;;;;
;;;;;;;;;;;;;;;;;;;;;;;;;;;;;;;;;;;;;;;;;;;;;;;;;
;;;;;;;;;;;;;;;;;;;;;;;;;;;;;;;;;;;;;;;;;;;;;;;;;
;;;;;;;;;;;;;;;;;;;;;;;;;;;;;;;;;;;;;;;;;;;;;;;;;
;;;;;;;;;;;;;;;;;;;;;;;;;;;;;;;;;;;;;;;;;;;;;;;;;
;;;;;;;;;;;;;;;;;;;;;;;;;;;;;;;;;;;;;;;;;;;;;;;;;
;;;;;;;;;;;;;;;;;;;;;;;;;;;;;;;;;;;;;;;;;;;;;;;;;
;;;;;;;;;;;;;;;;;;;;;;;;;;;;;;;;;;;;;;;;;;;;;;;;;
;;;;;;;;;;;;;;;;;;;;;;;;;;;;;;;;;;;;;;;;;;;;;;;;;
;;;;;;;;;;;;;;;;;;;;;;;;;;;;;;;;;;;;;;;;;;;;;;;;;
;;;;;;;;;;;;;;;;;;;;;;;;;;;;;;;;;;;;;;;;;;;;;;;;;
;;;;;;;;;;;;;;;;;;;;;;;;;;;;;;;;;;;;;;;;;;;;;;;;;
;;;;;;;;;;;;;;;;;;;;;;;;;;;;;;;;;;;;;;;;;;;;;;;;;
;;;;;;;;;;;;;;;;;;;;;;;;;;;;;;;;;;;;;;;;;;;;;;;;;
;;;;;;;;;;;;;;;;;;;;;;;;;;;;;;;;;;;;;;;;;;;;;;;;;
;;;;;;;;;;;;;;;;;;;;;;;;;;;;;;;;;;;;;;;;;;;;;;;;;
;;;;;;;;;;;;;;;;;;;;;;;;;;;;;;;;;;;;;;;;;;;;;;;;;
;;;;;;;;;;;;;;;;;;;;;;;;;;;;;;;;;;;;;;;;;;;;;;;;;
;;;;;;;;;;;;;;;;;;;;;;;;;;;;;;;;;;;;;;;;;;;;;;;;;
;;;;;;;;;;;;;;;;;;;;;;;;;;;;;;;;;;;;;;;;;;;;;;;;;
;;;;;;;;;;;;;;;;;;;;;;;;;;;;;;;;;;;;;;;;;;;;;;;;;
;;;;;;;;;;;;;;;;;;;;;;;;;;;;;;;;;;;;;;;;;;;;;;;;;
;;;;;;;;;;;;;;;;;;;;;;;;;;;;;;;;;;;;;;;;;;;;;;;;;
;;;;;;;;;;;;;;;;;;;;;;;;;;;;;;;;;;;;;;;;;;;;;;;;;
;;;;;;;;;;;;;;;;;;;;;;;;;;;;;;;;;;;;;;;;;;;;;;;;;
;;;;;;;;;;;;;;;;;;;;;;;;;;;;;;;;;;;;;;;;;;;;;;;;;
;;;;;;;;;;;;;;;;;;;;;;;;;;;;;;;;;;;;;;;;;;;;;;;;;
;;;;;;;;;;;;;;;;;;;;;;;;;;;;;;;;;;;;;;;;;;;;;;;;;
;;;;;;;;;;;;;;;;;;;;;;;;;;;;;;;;;;;;;;;;;;;;;;;;;
;;;;;;;;;;;;;;;;;;;;;;;;;;;;;;;;;;;;;;;;;;;;;;;;;
;;;;;;;;;;;;;;;;;;;;;;;;;;;;;;;;;;;;;;;;;;;;;;;;;
;;;;;;;;;;;;;;;;;;;;;;;;;;;;;;;;;;;;;;;;;;;;;;;;;
;;;;;;;;;;;;;;;;;;;;;;;;;;;;;;;;;;;;;;;;;;;;;;;;;
;;;;;;;;;;;;;;;;;;;;;;;;;;;;;;;;;;;;;;;;;;;;;;;;;
;;;;;;;;;;;;;;;;;;;;;;;;;;;;;;;;;;;;;;;;;;;;;;;;;
;;;;;;;;;;;;;;;;;;;;;;;;;;;;;;;;;;;;;;;;;;;;;;;;;
;;;;;;;;;;;;;;;;;;;;;;;;;;;;;;;;;;;;;;;;;;;;;;;;;
;;;;;;;;;;;;;;;;;;;;;;;;;;;;;;;;;;;;;;;;;;;;;;;;;
;;;;;;;;;;;;;;;;;;;;;;;;;;;;;;;;;;;;;;;;;;;;;;;;;
;;;;;;;;;;;;;;;;;;;;;;;;;;;;;;;;;;;;;;;;;;;;;;;;;
;;;;;;;;;;;;;;;;;;;;;;;;;;;;;;;;;;;;;;;;;;;;;;;;;
;;;;;;;;;;;;;;;;;;;;;;;;;;;;;;;;;;;;;;;;;;;;;;;;;
;;;;;;;;;;;;;;;;;;;;;;;;;;;;;;;;;;;;;;;;;;;;;;;;;
;;;;;;;;;;;;;;;;;;;;;;;;;;;;;;;;;;;;;;;;;;;;;;;;;
;;;;;;;;;;;;;;;;;;;;;;;;;;;;;;;;;;;;;;;;;;;;;;;;;
;;;;;;;;;;;;;;;;;;;;;;;;;;;;;;;;;;;;;;;;;;;;;;;;;
;;;;;;;;;;;;;;;;;;;;;;;;;;;;;;;;;;;;;;;;;;;;;;;;;
;;;;;;;;;;;;;;;;;;;;;;;;;;;;;;;;;;;;;;;;;;;;;;;;;
;;;;;;;;;;;;;;;;;;;;;;;;;;;;;;;;;;;;;;;;;;;;;;;;;
;;;;;;;;;;;;;;;;;;;;;;;;;;;;;;;;;;;;;;;;;;;;;;;;;
;;;;;;;;;;;;;;;;;;;;;;;;;;;;;;;;;;;;;;;;;;;;;;;;;
;;;;;;;;;;;;;;;;;;;;;;;;;;;;;;;;;;;;;;;;;;;;;;;;;
;;;;;;;;;;;;;;;;;;;;;;;;;;;;;;;;;;;;;;;;;;;;;;;;;
;;;;;;;;;;;;;;;;;;;;;;;;;;;;;;;;;;;;;;;;;;;;;;;;;
;;;;;;;;;;;;;;;;;;;;;;;;;;;;;;;;;;;;;;;;;;;;;;;;;
;;;;;;;;;;;;;;;;;;;;;;;;;;;;;;;;;;;;;;;;;;;;;;;;;
;;;;;;;;;;;;;;;;;;;;;;;;;;;;;;;;;;;;;;;;;;;;;;;;;
;;;;;;;;;;;;;;;;;;;;;;;;;;;;;;;;;;;;;;;;;;;;;;;;;
;;;;;;;;;;;;;;;;;;;;;;;;;;;;;;;;;;;;;;;;;;;;;;;;;
;;;;;;;;;;;;;;;;;;;;;;;;;;;;;;;;;;;;;;;;;;;;;;;;;
;;;;;;;;;;;;;;;;;;;;;;;;;;;;;;;;;;;;;;;;;;;;;;;;;
;;;;;;;;;;;;;;;;;;;;;;;;;;;;;;;;;;;;;;;;;;;;;;;;;
;;;;;;;;;;;;;;;;;;;;;;;;;;;;;;;;;;;;;;;;;;;;;;;;;
;;;;;;;;;;;;;;;;;;;;;;;;;;;;;;;;;;;;;;;;;;;;;;;;;
;;;;;;;;;;;;;;;;;;;;;;;;;;;;;;;;;;;;;;;;;;;;;;;;;
;;;;;;;;;;;;;;;;;;;;;;;;;;;;;;;;;;;;;;;;;;;;;;;;;
;;;;;;;;;;;;;;;;;;;;;;;;;;;;;;;;;;;;;;;;;;;;;;;;;
;;;;;;;;;;;;;;;;;;;;;;;;;;;;;;;;;;;;;;;;;;;;;;;;;
;;;;;;;;;;;;;;;;;;;;;;;;;;;;;;;;;;;;;;;;;;;;;;;;;
;;;;;;;;;;;;;;;;;;;;;;;;;;;;;;;;;;;;;;;;;;;;;;;;;
;;;;;;;;;;;;;;;;;;;;;;;;;;;;;;;;;;;;;;;;;;;;;;;;;
;;;;;;;;;;;;;;;;;;;;;;;;;;;;;;;;;;;;;;;;;;;;;;;;;
;;;;;;;;;;;;;;;;;;;;;;;;;;;;;;;;;;;;;;;;;;;;;;;;;
;;;;;;;;;;;;;;;;;;;;;;;;;;;;;;;;;;;;;;;;;;;;;;;;;
;;;;;;;;;;;;;;;;;;;;;;;;;;;;;;;;;;;;;;;;;;;;;;;;;
;;;;;;;;;;;;;;;;;;;;;;;;;;;;;;;;;;;;;;;;;;;;;;;;;
;;;;;;;;;;;;;;;;;;;;;;;;;;;;;;;;;;;;;;;;;;;;;;;;;
;;;;;;;;;;;;;;;;;;;;;;;;;;;;;;;;;;;;;;;;;;;;;;;;;
;;;;;;;;;;;;;;;;;;;;;;;;;;;;;;;;;;;;;;;;;;;;;;;;;
;;;;;;;;;;;;;;;;;;;;;;;;;;;;;;;;;;;;;;;;;;;;;;;;;
;;;;;;;;;;;;;;;;;;;;;;;;;;;;;;;;;;;;;;;;;;;;;;;;;
;;;;;;;;;;;;;;;;;;;;;;;;;;;;;;;;;;;;;;;;;;;;;;;;;
;;;;;;;;;;;;;;;;;;;;;;;;;;;;;;;;;;;;;;;;;;;;;;;;;
;;;;;;;;;;;;;;;;;;;;;;;;;;;;;;;;;;;;;;;;;;;;;;;;;
;;;;;;;;;;;;;;;;;;;;;;;;;;;;;;;;;;;;;;;;;;;;;;;;;
;;;;;;;;;;;;;;;;;;;;;;;;;;;;;;;;;;;;;;;;;;;;;;;;;
;;;;;;;;;;;;;;;;;;;;;;;;;;;;;;;;;;;;;;;;;;;;;;;;;
;;;;;;;;;;;;;;;;;;;;;;;;;;;;;;;;;;;;;;;;;;;;;;;;;
;;;;;;;;;;;;;;;;;;;;;;;;;;;;;;;;;;;;;;;;;;;;;;;;;
;;;;;;;;;;;;;;;;;;;;;;;;;;;;;;;;;;;;;;;;;;;;;;;;;
;;;;;;;;;;;;;;;;;;;;;;;;;;;;;;;;;;;;;;;;;;;;;;;;;
;;;;;;;;;;;;;;;;;;;;;;;;;;;;;;;;;;;;;;;;;;;;;;;;;
;;;;;;;;;;;;;;;;;;;;;;;;;;;;;;;;;;;;;;;;;;;;;;;;;
;;;;;;;;;;;;;;;;;;;;;;;;;;;;;;;;;;;;;;;;;;;;;;;;;
;;;;;;;;;;;;;;;;;;;;;;;;;;;;;;;;;;;;;;;;;;;;;;;;;
;;;;;;;;;;;;;;;;;;;;;;;;;;;;;;;;;;;;;;;;;;;;;;;;;
;;;;;;;;;;;;;;;;;;;;;;;;;;;;;;;;;;;;;;;;;;;;;;;;;
;;;;;;;;;;;;;;;;;;;;;;;;;;;;;;;;;;;;;;;;;;;;;;;;;
;;;;;;;;;;;;;;;;;;;;;;;;;;;;;;;;;;;;;;;;;;;;;;;;;
;;;;;;;;;;;;;;;;;;;;;;;;;;;;;;;;;;;;;;;;;;;;;;;;;
;;;;;;;;;;;;;;;;;;;;;;;;;;;;;;;;;;;;;;;;;;;;;;;;;
;;;;;;;;;;;;;;;;;;;;;;;;;;;;;;;;;;;;;;;;;;;;;;;;;
;;;;;;;;;;;;;;;;;;;;;;;;;;;;;;;;;;;;;;;;;;;;;;;;;
;;;;;;;;;;;;;;;;;;;;;;;;;;;;;;;;;;;;;;;;;;;;;;;;;
;;;;;;;;;;;;;;;;;;;;;;;;;;;;;;;;;;;;;;;;;;;;;;;;;
;;;;;;;;;;;;;;;;;;;;;;;;;;;;;;;;;;;;;;;;;;;;;;;;;
;;;;;;;;;;;;;;;;;;;;;;;;;;;;;;;;;;;;;;;;;;;;;;;;;
;;;;;;;;;;;;;;;;;;;;;;;;;;;;;;;;;;;;;;;;;;;;;;;;;
;;;;;;;;;;;;;;;;;;;;;;;;;;;;;;;;;;;;;;;;;;;;;;;;;
;;;;;;;;;;;;;;;;;;;;;;;;;;;;;;;;;;;;;;;;;;;;;;;;;
;;;;;;;;;;;;;;;;;;;;;;;;;;;;;;;;;;;;;;;;;;;;;;;;;
;;;;;;;;;;;;;;;;;;;;;;;;;;;;;;;;;;;;;;;;;;;;;;;;;
;;;;;;;;;;;;;;;;;;;;;;;;;;;;;;;;;;;;;;;;;;;;;;;;;
;;;;;;;;;;;;;;;;;;;;;;;;;;;;;;;;;;;;;;;;;;;;;;;;;
;;;;;;;;;;;;;;;;;;;;;;;;;;;;;;;;;;;;;;;;;;;;;;;;;
;;;;;;;;;;;;;;;;;;;;;;;;;;;;;;;;;;;;;;;;;;;;;;;;;
;;;;;;;;;;;;;;;;;;;;;;;;;;;;;;;;;;;;;;;;;;;;;;;;;
;;;;;;;;;;;;;;;;;;;;;;;;;;;;;;;;;;;;;;;;;;;;;;;;;
;;;;;;;;;;;;;;;;;;;;;;;;;;;;;;;;;;;;;;;;;;;;;;;;;
;;;;;;;;;;;;;;;;;;;;;;;;;;;;;;;;;;;;;;;;;;;;;;;;;
;;;;;;;;;;;;;;;;;;;;;;;;;;;;;;;;;;;;;;;;;;;;;;;;;
;;;;;;;;;;;;;;;;;;;;;;;;;;;;;;;;;;;;;;;;;;;;;;;;;
;;;;;;;;;;;;;;;;;;;;;;;;;;;;;;;;;;;;;;;;;;;;;;;;;
;;;;;;;;;;;;;;;;;;;;;;;;;;;;;;;;;;;;;;;;;;;;;;;;;
;;;;;;;;;;;;;;;;;;;;;;;;;;;;;;;;;;;;;;;;;;;;;;;;;
;;;;;;;;;;;;;;;;;;;;;;;;;;;;;;;;;;;;;;;;;;;;;;;;;
;;;;;;;;;;;;;;;;;;;;;;;;;;;;;;;;;;;;;;;;;;;;;;;;;
;;;;;;;;;;;;;;;;;;;;;;;;;;;;;;;;;;;;;;;;;;;;;;;;;
;;;;;;;;;;;;;;;;;;;;;;;;;;;;;;;;;;;;;;;;;;;;;;;;;
;;;;;;;;;;;;;;;;;;;;;;;;;;;;;;;;;;;;;;;;;;;;;;;;;
;;;;;;;;;;;;;;;;;;;;;;;;;;;;;;;;;;;;;;;;;;;;;;;;;
;;;;;;;;;;;;;;;;;;;;;;;;;;;;;;;;;;;;;;;;;;;;;;;;;
;;;;;;;;;;;;;;;;;;;;;;;;;;;;;;;;;;;;;;;;;;;;;;;;;
;;;;;;;;;;;;;;;;;;;;;;;;;;;;;;;;;;;;;;;;;;;;;;;;;
;;;;;;;;;;;;;;;;;;;;;;;;;;;;;;;;;;;;;;;;;;;;;;;;;
;;;;;;;;;;;;;;;;;;;;;;;;;;;;;;;;;;;;;;;;;;;;;;;;;
;;;;;;;;;;;;;;;;;;;;;;;;;;;;;;;;;;;;;;;;;;;;;;;;;
;;;;;;;;;;;;;;;;;;;;;;;;;;;;;;;;;;;;;;;;;;;;;;;;;
;;;;;;;;;;;;;;;;;;;;;;;;;;;;;;;;;;;;;;;;;;;;;;;;;
;;;;;;;;;;;;;;;;;;;;;;;;;;;;;;;;;;;;;;;;;;;;;;;;;
;;;;;;;;;;;;;;;;;;;;;;;;;;;;;;;;;;;;;;;;;;;;;;;;;
;;;;;;;;;;;;;;;;;;;;;;;;;;;;;;;;;;;;;;;;;;;;;;;;;
;;;;;;;;;;;;;;;;;;;;;;;;;;;;;;;;;;;;;;;;;;;;;;;;;
;;;;;;;;;;;;;;;;;;;;;;;;;;;;;;;;;;;;;;;;;;;;;;;;;
;;;;;;;;;;;;;;;;;;;;;;;;;;;;;;;;;;;;;;;;;;;;;;;;;
;;;;;;;;;;;;;;;;;;;;;;;;;;;;;;;;;;;;;;;;;;;;;;;;;
;;;;;;;;;;;;;;;;;;;;;;;;;;;;;;;;;;;;;;;;;;;;;;;;;
;;;;;;;;;;;;;;;;;;;;;;;;;;;;;;;;;;;;;;;;;;;;;;;;;
;;;;;;;;;;;;;;;;;;;;;;;;;;;;;;;;;;;;;;;;;;;;;;;;;
;;;;;;;;;;;;;;;;;;;;;;;;;;;;;;;;;;;;;;;;;;;;;;;;;
;;;;;;;;;;;;;;;;;;;;;;;;;;;;;;;;;;;;;;;;;;;;;;;;;
;;;;;;;;;;;;;;;;;;;;;;;;;;;;;;;;;;;;;;;;;;;;;;;;;
;;;;;;;;;;;;;;;;;;;;;;;;;;;;;;;;;;;;;;;;;;;;;;;;;
;;;;;;;;;;;;;;;;;;;;;;;;;;;;;;;;;;;;;;;;;;;;;;;;;
;;;;;;;;;;;;;;;;;;;;;;;;;;;;;;;;;;;;;;;;;;;;;;;;;
;;;;;;;;;;;;;;;;;;;;;;;;;;;;;;;;;;;;;;;;;;;;;;;;;
;;;;;;;;;;;;;;;;;;;;;;;;;;;;;;;;;;;;;;;;;;;;;;;;;
;;;;;;;;;;;;;;;;;;;;;;;;;;;;;;;;;;;;;;;;;;;;;;;;;
;;;;;;;;;;;;;;;;;;;;;;;;;;;;;;;;;;;;;;;;;;;;;;;;;
;;;;;;;;;;;;;;;;;;;;;;;;;;;;;;;;;;;;;;;;;;;;;;;;;
;;;;;;;;;;;;;;;;;;;;;;;;;;;;;;;;;;;;;;;;;;;;;;;;;
;;;;;;;;;;;;;;;;;;;;;;;;;;;;;;;;;;;;;;;;;;;;;;;;;
;;;;;;;;;;;;;;;;;;;;;;;;;;;;;;;;;;;;;;;;;;;;;;;;;
;;;;;;;;;;;;;;;;;;;;;;;;;;;;;;;;;;;;;;;;;;;;;;;;;
;;;;;;;;;;;;;;;;;;;;;;;;;;;;;;;;;;;;;;;;;;;;;;;;;
;;;;;;;;;;;;;;;;;;;;;;;;;;;;;;;;;;;;;;;;;;;;;;;;;
;;;;;;;;;;;;;;;;;;;;;;;;;;;;;;;;;;;;;;;;;;;;;;;;;
;;;;;;;;;;;;;;;;;;;;;;;;;;;;;;;;;;;;;;;;;;;;;;;;;
;;;;;;;;;;;;;;;;;;;;;;;;;;;;;;;;;;;;;;;;;;;;;;;;;
;;;;;;;;;;;;;;;;;;;;;;;;;;;;;;;;;;;;;;;;;;;;;;;;;
;;;;;;;;;;;;;;;;;;;;;;;;;;;;;;;;;;;;;;;;;;;;;;;;;
;;;;;;;;;;;;;;;;;;;;;;;;;;;;;;;;;;;;;;;;;;;;;;;;;
;;;;;;;;;;;;;;;;;;;;;;;;;;;;;;;;;;;;;;;;;;;;;;;;;
;;;;;;;;;;;;;;;;;;;;;;;;;;;;;;;;;;;;;;;;;;;;;;;;;
;;;;;;;;;;;;;;;;;;;;;;;;;;;;;;;;;;;;;;;;;;;;;;;;;
;;;;;;;;;;;;;;;;;;;;;;;;;;;;;;;;;;;;;;;;;;;;;;;;;
;;;;;;;;;;;;;;;;;;;;;;;;;;;;;;;;;;;;;;;;;;;;;;;;;
;;;;;;;;;;;;;;;;;;;;;;;;;;;;;;;;;;;;;;;;;;;;;;;;;
;;;;;;;;;;;;;;;;;;;;;;;;;;;;;;;;;;;;;;;;;;;;;;;;;
;;;;;;;;;;;;;;;;;;;;;;;;;;;;;;;;;;;;;;;;;;;;;;;;;
;;;;;;;;;;;;;;;;;;;;;;;;;;;;;;;;;;;;;;;;;;;;;;;;;
;;;;;;;;;;;;;;;;;;;;;;;;;;;;;;;;;;;;;;;;;;;;;;;;;
;;;;;;;;;;;;;;;;;;;;;;;;;;;;;;;;;;;;;;;;;;;;;;;;;
;;;;;;;;;;;;;;;;;;;;;;;;;;;;;;;;;;;;;;;;;;;;;;;;;
;;;;;;;;;;;;;;;;;;;;;;;;;;;;;;;;;;;;;;;;;;;;;;;;;
;;;;;;;;;;;;;;;;;;;;;;;;;;;;;;;;;;;;;;;;;;;;;;;;;
;;;;;;;;;;;;;;;;;;;;;;;;;;;;;;;;;;;;;;;;;;;;;;;;;
;;;;;;;;;;;;;;;;;;;;;;;;;;;;;;;;;;;;;;;;;;;;;;;;;
;;;;;;;;;;;;;;;;;;;;;;;;;;;;;;;;;;;;;;;;;;;;;;;;;
;;;;;;;;;;;;;;;;;;;;;;;;;;;;;;;;;;;;;;;;;;;;;;;;;
;;;;;;;;;;;;;;;;;;;;;;;;;;;;;;;;;;;;;;;;;;;;;;;;;
;;;;;;;;;;;;;;;;;;;;;;;;;;;;;;;;;;;;;;;;;;;;;;;;;
;;;;;;;;;;;;;;;;;;;;;;;;;;;;;;;;;;;;;;;;;;;;;;;;;
;;;;;;;;;;;;;;;;;;;;;;;;;;;;;;;;;;;;;;;;;;;;;;;;;
;;;;;;;;;;;;;;;;;;;;;;;;;;;;;;;;;;;;;;;;;;;;;;;;;
;;;;;;;;;;;;;;;;;;;;;;;;;;;;;;;;;;;;;;;;;;;;;;;;;
;;;;;;;;;;;;;;;;;;;;;;;;;;;;;;;;;;;;;;;;;;;;;;;;;
;;;;;;;;;;;;;;;;;;;;;;;;;;;;;;;;;;;;;;;;;;;;;;;;;
;;;;;;;;;;;;;;;;;;;;;;;;;;;;;;;;;;;;;;;;;;;;;;;;;
;;;;;;;;;;;;;;;;;;;;;;;;;;;;;;;;;;;;;;;;;;;;;;;;;
;;;;;;;;;;;;;;;;;;;;;;;;;;;;;;;;;;;;;;;;;;;;;;;;;
;;;;;;;;;;;;;;;;;;;;;;;;;;;;;;;;;;;;;;;;;;;;;;;;;
;;;;;;;;;;;;;;;;;;;;;;;;;;;;;;;;;;;;;;;;;;;;;;;;;
;;;;;;;;;;;;;;;;;;;;;;;;;;;;;;;;;;;;;;;;;;;;;;;;;
;;;;;;;;;;;;;;;;;;;;;;;;;;;;;;;;;;;;;;;;;;;;;;;;;
;;;;;;;;;;;;;;;;;;;;;;;;;;;;;;;;;;;;;;;;;;;;;;;;;
;;;;;;;;;;;;;;;;;;;;;;;;;;;;;;;;;;;;;;;;;;;;;;;;;
;;;;;;;;;;;;;;;;;;;;;;;;;;;;;;;;;;;;;;;;;;;;;;;;;
;;;;;;;;;;;;;;;;;;;;;;;;;;;;;;;;;;;;;;;;;;;;;;;;;
;;;;;;;;;;;;;;;;;;;;;;;;;;;;;;;;;;;;;;;;;;;;;;;;;
;;;;;;;;;;;;;;;;;;;;;;;;;;;;;;;;;;;;;;;;;;;;;;;;;
;;;;;;;;;;;;;;;;;;;;;;;;;;;;;;;;;;;;;;;;;;;;;;;;;
;;;;;;;;;;;;;;;;;;;;;;;;;;;;;;;;;;;;;;;;;;;;;;;;;
;;;;;;;;;;;;;;;;;;;;;;;;;;;;;;;;;;;;;;;;;;;;;;;;;
;;;;;;;;;;;;;;;;;;;;;;;;;;;;;;;;;;;;;;;;;;;;;;;;;
;;;;;;;;;;;;;;;;;;;;;;;;;;;;;;;;;;;;;;;;;;;;;;;;;
;;;;;;;;;;;;;;;;;;;;;;;;;;;;;;;;;;;;;;;;;;;;;;;;;
;;;;;;;;;;;;;;;;;;;;;;;;;;;;;;;;;;;;;;;;;;;;;;;;;
;;;;;;;;;;;;;;;;;;;;;;;;;;;;;;;;;;;;;;;;;;;;;;;;;
;;;;;;;;;;;;;;;;;;;;;;;;;;;;;;;;;;;;;;;;;;;;;;;;;
;;;;;;;;;;;;;;;;;;;;;;;;;;;;;;;;;;;;;;;;;;;;;;;;;
;;;;;;;;;;;;;;;;;;;;;;;;;;;;;;;;;;;;;;;;;;;;;;;;;
;;;;;;;;;;;;;;;;;;;;;;;;;;;;;;;;;;;;;;;;;;;;;;;;;
;;;;;;;;;;;;;;;;;;;;;;;;;;;;;;;;;;;;;;;;;;;;;;;;;
;;;;;;;;;;;;;;;;;;;;;;;;;;;;;;;;;;;;;;;;;;;;;;;;;
;;;;;;;;;;;;;;;;;;;;;;;;;;;;;;;;;;;;;;;;;;;;;;;;;
